date,steps
2021-07-28,
2021-07-29,
2021-07-30,
2021-07-31,
2021-08-01,
2021-08-02,
2021-08-03,
2021-08-04,
2021-08-05,
2021-08-06,
2021-08-07,
2021-08-08,
2021-08-09,
2021-08-10,
2021-08-11,
2021-08-12,
2021-08-13,
2021-08-14,
2021-08-15,
2021-08-16,
2021-08-17,
2021-08-18,
2021-08-19,
2021-08-20,
2021-08-21,
2021-08-22,
2021-08-23,
2021-08-24,
2021-08-25,
2021-08-26,
2021-08-27,
2021-08-28,
2021-08-29,
2021-08-30,
2021-08-31,
2021-09-01,
2021-09-02,
2021-09-03,
2021-09-04,
2021-09-05,
2021-09-06,
2021-09-07,
2021-09-08,
2021-09-09,
2021-09-10,
2021-09-11,
2021-09-12,
2021-09-13,
2021-09-14,
2021-09-15,
2021-09-16,
2021-09-17,
2021-09-18,
2021-09-19,
2021-09-20,
2021-09-21,
2021-09-22,
2021-09-23,
2021-09-24,
2021-09-25,
2021-09-26,
2021-09-27,
2021-09-28,
2021-09-29,
2021-09-30,
2021-10-01,
2021-10-02,
2021-10-03,
2021-10-04,
2021-10-05,
2021-10-06,
2021-10-07,
2021-10-08,
2021-10-09,
2021-10-10,
2021-10-11,
2021-10-12,
2021-10-13,
2021-10-14,
2021-10-15,
2021-10-16,
2021-10-17,
2021-10-18,
2021-10-19,
2021-10-20,
2021-10-21,
2021-10-22,
2021-10-23,
2021-10-24,
2021-10-25,
2021-10-26,
2021-10-27,
2021-10-28,
2021-10-29,
2021-10-30,
2021-10-31,
2021-11-01,
2021-11-02,
2021-11-03,
2021-11-04,
2021-11-05,
2021-11-06,
2021-11-07,
2021-11-08,
2021-11-09,
2021-11-10,
2021-11-11,
2021-11-12,
2021-11-13,
2021-11-14,
2021-11-15,
2021-11-16,
2021-11-17,
2021-11-18,
2021-11-19,
2021-11-20,
2021-11-21,
2021-11-22,
2021-11-23,
2021-11-24,
2021-11-25,
2021-11-26,
2021-11-27,
2021-11-28,
2021-11-29,
2021-11-30,
2021-12-01,
2021-12-02,
2021-12-03,
2021-12-04,
2021-12-05,
2021-12-06,
2021-12-07,
2021-12-08,
2021-12-09,
2021-12-10,
2021-12-11,
2021-12-12,
2021-12-13,
2021-12-14,
2021-12-15,
2021-12-16,
2021-12-17,
2021-12-18,
2021-12-19,
2021-12-20,
2021-12-21,
2021-12-22,
2021-12-23,
2021-12-24,
2021-12-25,
2021-12-26,
2021-12-27,
2021-12-28,
2021-12-29,
2021-12-30,
2021-12-31,
2022-01-01,
2022-01-02,
2022-01-03,
2022-01-04,
2022-01-05,
2022-01-06,
2022-01-07,
2022-01-08,
2022-01-09,
2022-01-10,
2022-01-11,
2022-01-12,
2022-01-13,
2022-01-14,
2022-01-15,
2022-01-16,
2022-01-17,
2022-01-18,
2022-01-19,
2022-01-20,
2022-01-21,
2022-01-22,
2022-01-23,
2022-01-24,
2022-01-25,
2022-01-26,
2022-01-27,
2022-01-28,
2022-01-29,
2022-01-30,
2022-01-31,
2022-02-01,
2022-02-02,
2022-02-03,
2022-02-04,
2022-02-05,
2022-02-06,
2022-02-07,
2022-02-08,
2022-02-09,
2022-02-10,
2022-02-11,
2022-02-12,
2022-02-13,
2022-02-14,
2022-02-15,
2022-02-16,
2022-02-17,
2022-02-18,
2022-02-19,
2022-02-20,
2022-02-21,
2022-02-22,
2022-02-23,
2022-02-24,
2022-02-25,
2022-02-26,
2022-02-27,
2022-02-28,
2022-03-01,
2022-03-02,
2022-03-03,
2022-03-04,
2022-03-05,
2022-03-06,
2022-03-07,
2022-03-08,
2022-03-09,
2022-03-10,
2022-03-11,
2022-03-12,
2022-03-13,
2022-03-14,
2022-03-15,
2022-03-16,
2022-03-17,
2022-03-18,
2022-03-19,
2022-03-20,
2022-03-21,
2022-03-22,
2022-03-23,
2022-03-24,
2022-03-25,
2022-03-26,
2022-03-27,
2022-03-28,
2022-03-29,
2022-03-30,
2022-03-31,
2022-04-01,
2022-04-02,
2022-04-03,
2022-04-04,
2022-04-05,
2022-04-06,
2022-04-07,
2022-04-08,
2022-04-09,
2022-04-10,
2022-04-11,
2022-04-12,
2022-04-13,
2022-04-14,
2022-04-15,
2022-04-16,
2022-04-17,
2022-04-18,
2022-04-19,
2022-04-20,
2022-04-21,
2022-04-22,
2022-04-23,
2022-04-24,
2022-04-25,
2022-04-26,
2022-04-27,
2022-04-28,
2022-04-29,
2022-04-30,
2022-05-01,
2022-05-02,
2022-05-03,
2022-05-04,
2022-05-05,
2022-05-06,
2022-05-07,
2022-05-08,
2022-05-09,
2022-05-10,
2022-05-11,
2022-05-12,
2022-05-13,
2022-05-14,
2022-05-15,
2022-05-16,
2022-05-17,
2022-05-18,
2022-05-19,
2022-05-20,
2022-05-21,
2022-05-22,
2022-05-23,
2022-05-24,
2022-05-25,
2022-05-26,
2022-05-27,
2022-05-28,
2022-05-29,
2022-05-30,
2022-05-31,
2022-06-01,
2022-06-02,
2022-06-03,
2022-06-04,
2022-06-05,
2022-06-06,
2022-06-07,
2022-06-08,
2022-06-09,
2022-06-10,
2022-06-11,
2022-06-12,
2022-06-13,
2022-06-14,
2022-06-15,
2022-06-16,
2022-06-17,
2022-06-18,
2022-06-19,
2022-06-20,
2022-06-21,
2022-06-22,
2022-06-23,
2022-06-24,
2022-06-25,
2022-06-26,
2022-06-27,
2022-06-28,
2022-06-29,
2022-06-30,
2022-07-01,
2022-07-02,
2022-07-03,
2022-07-04,
2022-07-05,
2022-07-06,
2022-07-07,
2022-07-08,
2022-07-09,
2022-07-10,
2022-07-11,
2022-07-12,
2022-07-13,
2022-07-14,
2022-07-15,
2022-07-16,
2022-07-17,
2022-07-18,
2022-07-19,
2022-07-20,
2022-07-21,
2022-07-22,
2022-07-23,
2022-07-24,
2022-07-25,
2022-07-26,
2022-07-27,
2022-07-28,
2022-07-29,
2022-07-30,
2022-07-31,
2022-08-01,
2022-08-02,
2022-08-03,
2022-08-04,
2022-08-05,
2022-08-06,
2022-08-07,
2022-08-08,
2022-08-09,
2022-08-10,
2022-08-11,
2022-08-12,
2022-08-13,
2022-08-14,
2022-08-15,
2022-08-16,
2022-08-17,
2022-08-18,
2022-08-19,
2022-08-20,
2022-08-21,
2022-08-22,
2022-08-23,
2022-08-24,
2022-08-25,
2022-08-26,
2022-08-27,
2022-08-28,
2022-08-29,
2022-08-30,
2022-08-31,
2022-09-01,
2022-09-02,
2022-09-03,
2022-09-04,
2022-09-05,
2022-09-06,
2022-09-07,
2022-09-08,
2022-09-09,
2022-09-10,
2022-09-11,
2022-09-12,
2022-09-13,
2022-09-14,
2022-09-15,
2022-09-16,
2022-09-17,
2022-09-18,
2022-09-19,
2022-09-20,
2022-09-21,
2022-09-22,363.0
2022-09-23,12429.0
2022-09-24,5779.0
2022-09-25,23050.0
2022-09-26,7166.0
2022-09-27,10784.0
2022-09-28,10435.0
2022-09-29,5733.0
2022-09-30,13779.0
2022-10-01,38899.0
2022-10-02,13815.0
2022-10-03,7338.0
2022-10-04,12230.0
2022-10-05,9417.0
2022-10-06,10179.0
2022-10-07,21776.0
2022-10-08,12823.0
2022-10-09,13800.0
2022-10-10,9108.0
2022-10-11,10600.0
2022-10-12,8198.0
2022-10-13,30159.0
2022-10-14,8905.0
2022-10-15,6731.0
2022-10-16,32099.0
2022-10-17,8334.0
2022-10-18,11851.0
2022-10-19,12681.0
2022-10-20,9148.0
2022-10-21,25218.0
2022-10-22,15894.0
2022-10-23,22838.0
2022-10-24,10354.0
2022-10-25,7600.0
2022-10-26,16508.0
2022-10-27,7223.0
2022-10-28,24797.0
2022-10-29,9998.0
2022-10-30,24409.0
2022-10-31,4479.0
2022-11-01,10962.0
2022-11-02,10934.0
2022-11-03,13495.0
2022-11-04,11952.0
2022-11-05,8314.0
2022-11-06,13041.0
2022-11-07,8577.0
2022-11-08,9085.0
2022-11-09,8161.0
2022-11-10,12707.0
2022-11-11,6871.0
2022-11-12,11150.0
2022-11-13,11513.0
2022-11-14,7831.0
2022-11-15,22837.0
2022-11-16,9894.0
2022-11-17,26475.0
2022-11-18,13781.0
2022-11-19,17398.0
2022-11-20,17065.0
2022-11-21,8874.0
2022-11-22,6092.0
2022-11-23,26672.0
2022-11-24,13309.0
2022-11-25,16156.0
2022-11-26,10685.0
2022-11-27,14612.0
2022-11-28,24579.0
2022-11-29,8303.0
2022-11-30,8223.0
2022-12-01,23452.0
2022-12-02,5480.0
2022-12-03,9930.0
2022-12-04,19231.0
2022-12-05,5452.0
2022-12-06,6983.0
2022-12-07,7720.0
2022-12-08,6318.0
2022-12-09,9399.0
2022-12-10,19798.0
2022-12-11,15261.0
2022-12-12,6517.0
2022-12-13,10346.0
2022-12-14,7697.0
2022-12-15,12597.0
2022-12-16,12158.0
2022-12-17,11650.0
2022-12-18,10430.0
2022-12-19,26897.0
2022-12-20,7044.0
2022-12-21,8919.0
2022-12-22,6547.0
2022-12-23,11872.0
2022-12-24,10056.0
2022-12-25,23887.0
2022-12-26,5993.0
2022-12-27,10402.0
2022-12-28,14595.0
2022-12-29,6429.0
2022-12-30,8238.0
2022-12-31,13538.0
2023-01-01,15821.0
2023-01-02,6419.0
2023-01-03,13244.0
2023-01-04,7299.0
2023-01-05,15079.0
2023-01-06,6973.0
2023-01-07,3181.0
2023-01-08,8842.0
2023-01-09,7829.0
2023-01-10,15283.0
2023-01-11,7906.0
2023-01-12,6381.0
2023-01-13,12736.0
2023-01-14,10304.0
2023-01-15,22590.0
2023-01-16,8821.0
2023-01-17,8005.0
2023-01-18,7002.0
2023-01-19,8780.0
2023-01-20,6624.0
2023-01-21,9280.0
2023-01-22,16987.0
2023-01-23,6515.0
2023-01-24,8671.0
2023-01-25,13464.0
2023-01-26,6369.0
2023-01-27,11818.0
2023-01-28,9284.0
2023-01-29,8393.0
2023-01-30,5219.0
2023-01-31,9139.0
2023-02-01,7503.0
2023-02-02,5215.0
2023-02-03,15127.0
2023-02-04,13463.0
2023-02-05,15451.0
2023-02-06,9072.0
2023-02-07,9087.0
2023-02-08,9137.0
2023-02-09,17466.0
2023-02-10,19248.0
2023-02-11,8957.0
2023-02-12,29931.0
2023-02-13,4661.0
2023-02-14,3517.0
2023-02-15,6646.0
2023-02-16,5030.0
2023-02-17,10685.0
2023-02-18,11076.0
2023-02-19,6613.0
2023-02-20,10250.0
2023-02-21,5392.0
2023-02-22,9953.0
2023-02-23,10851.0
2023-02-24,10755.0
2023-02-25,8286.0
2023-02-26,9869.0
2023-02-27,3183.0
2023-02-28,7884.0
2023-03-01,5714.0
2023-03-02,9472.0
2023-03-03,25060.0
2023-03-04,6648.0
2023-03-05,9176.0
2023-03-06,5765.0
2023-03-07,8363.0
2023-03-08,10617.0
2023-03-09,5712.0
2023-03-10,5744.0
2023-03-11,4091.0
2023-03-12,28377.0
2023-03-13,3860.0
2023-03-14,9932.0
2023-03-15,11878.0
2023-03-16,10633.0
2023-03-17,72.0
2023-03-18,4264.0
2023-03-19,18499.0
2023-03-20,8093.0
2023-03-21,7261.0
2023-03-22,16527.0
2023-03-23,8799.0
2023-03-24,22804.0
2023-03-25,21894.0
2023-03-26,7626.0
2023-03-27,9961.0
2023-03-28,7774.0
2023-03-29,7991.0
2023-03-30,7487.0
2023-03-31,18804.0
2023-04-01,7236.0
2023-04-02,31923.0
2023-04-03,7903.0
2023-04-04,8101.0
2023-04-05,13536.0
2023-04-06,5348.0
2023-04-07,22423.0
2023-04-08,12013.0
2023-04-09,24408.0
2023-04-10,4565.0
2023-04-11,5128.0
2023-04-12,8093.0
2023-04-13,10714.0
2023-04-14,9212.0
2023-04-15,8254.0
2023-04-16,7899.0
2023-04-17,10465.0
2023-04-18,8635.0
2023-04-19,8174.0
2023-04-20,7346.0
2023-04-21,28116.0
2023-04-22,15327.0
2023-04-23,16269.0
2023-04-24,10862.0
2023-04-25,1726.0
2023-04-26,7222.0
2023-04-27,8145.0
2023-04-28,10933.0
2023-04-29,26235.0
2023-04-30,8371.0
2023-05-01,14582.0
2023-05-02,18573.0
2023-05-03,10250.0
2023-05-04,9187.0
2023-05-05,25203.0
2023-05-06,18058.0
2023-05-07,11377.0
2023-05-08,12686.0
2023-05-09,9880.0
2023-05-10,13897.0
2023-05-11,26227.0
2023-05-12,12701.0
2023-05-13,7412.0
2023-05-14,23782.0
2023-05-15,10101.0
2023-05-16,7346.0
2023-05-17,11602.0
2023-05-18,16501.0
2023-05-19,17888.0
2023-05-20,52940.0
2023-05-21,17981.0
2023-05-22,6646.0
2023-05-23,14702.0
2023-05-24,7754.0
2023-05-25,19434.0
2023-05-26,5267.0
2023-05-27,7727.0
2023-05-28,22448.0
2023-05-29,7969.0
2023-05-30,13351.0
2023-05-31,13903.0
2023-06-01,9071.0
2023-06-02,24482.0
2023-06-03,11612.0
2023-06-04,9212.0
2023-06-05,25400.0
2023-06-06,10673.0
2023-06-07,7089.0
2023-06-08,7936.0
2023-06-09,22188.0
2023-06-10,6331.0
2023-06-11,8730.0
2023-06-12,8049.0
2023-06-13,8450.0
2023-06-14,8328.0
2023-06-15,13994.0
2023-06-16,10775.0
2023-06-17,32407.0
2023-06-18,11254.0
2023-06-19,14102.0
2023-06-20,11282.0
2023-06-21,19228.0
2023-06-22,11035.0
2023-06-23,9176.0
2023-06-24,14109.0
2023-06-25,20385.0
2023-06-26,7703.0
2023-06-27,9498.0
2023-06-28,9685.0
2023-06-29,12478.0
2023-06-30,22613.0
2023-07-01,10051.0
2023-07-02,15358.0
2023-07-03,22853.0
2023-07-04,10466.0
2023-07-05,9261.0
2023-07-06,5305.0
2023-07-07,12396.0
2023-07-08,28519.0
2023-07-09,20036.0
2023-07-10,8287.0
2023-07-11,9735.0
2023-07-12,10461.0
2023-07-13,9617.0
2023-07-14,27367.0
2023-07-15,7277.0
2023-07-16,7516.0
2023-07-17,13392.0
2023-07-18,3317.0
2023-07-19,26121.0
2023-07-20,9995.0
2023-07-21,23259.0
2023-07-22,18486.0
2023-07-23,9136.0
2023-07-24,9302.0
2023-07-25,8902.0
2023-07-26,24574.0
2023-07-27,11926.0
2023-07-28,17375.0
2023-07-29,6306.0
2023-07-30,6782.0
2023-07-31,14244.0
2023-08-01,10413.0
2023-08-02,9167.0
2023-08-03,26994.0
2023-08-04,18018.0
2023-08-05,6465.0
2023-08-06,27975.0
2023-08-07,2755.0
2023-08-08,19257.0
2023-08-09,8258.0
2023-08-10,7587.0
2023-08-11,19250.0
2023-08-12,7633.0
2023-08-13,9889.0
2023-08-14,20787.0
2023-08-15,6224.0
2023-08-16,8537.0
2023-08-17,9739.0
2023-08-18,16742.0
2023-08-19,20816.0
2023-08-20,32502.0
2023-08-21,8691.0
2023-08-22,21988.0
2023-08-23,7149.0
2023-08-24,9102.0
2023-08-25,7732.0
2023-08-26,15180.0
2023-08-27,21151.0
2023-08-28,13056.0
2023-08-29,9303.0
2023-08-30,12905.0
2023-08-31,14536.0
2023-09-01,9819.0
2023-09-02,6075.0
2023-09-03,14573.0
2023-09-04,10282.0
2023-09-05,12824.0
2023-09-06,14285.0
2023-09-07,18971.0
2023-09-08,8324.0
2023-09-09,6447.0
2023-09-10,12375.0
2023-09-11,22981.0
2023-09-12,5095.0
2023-09-13,14496.0
2023-09-14,7718.0
2023-09-15,11681.0
2023-09-16,14538.0
2023-09-17,8807.0
2023-09-18,11854.0
2023-09-19,27809.0
2023-09-20,8025.0
2023-09-21,24592.0
2023-09-22,15081.0
2023-09-23,15979.0
2023-09-24,24618.0
2023-09-25,5576.0
2023-09-26,9392.0
2023-09-27,7734.0
2023-09-28,11618.0
2023-09-29,26123.0
2023-09-30,8403.0
2023-10-01,6363.0
2023-10-02,22625.0
2023-10-03,9768.0
2023-10-04,8602.0
2023-10-05,12368.0
2023-10-06,27922.0
2023-10-07,16973.0
2023-10-08,7762.0
2023-10-09,9387.0
2023-10-10,10921.0
2023-10-11,7422.0
2023-10-12,26334.0
2023-10-13,15036.0
2023-10-14,8276.0
2023-10-15,23383.0
2023-10-16,7995.0
2023-10-17,7957.0
2023-10-18,10091.0
2023-10-19,12167.0
2023-10-20,26436.0
2023-10-21,8330.0
2023-10-22,22357.0
2023-10-23,6000.0
2023-10-24,12114.0
2023-10-25,6859.0
2023-10-26,13624.0
2023-10-27,22716.0
2023-10-28,6096.0
2023-10-29,18910.0
2023-10-30,6088.0
2023-10-31,8846.0
2023-11-01,13363.0
2023-11-02,8683.0
2023-11-03,5591.0
2023-11-04,25926.0
2023-11-05,8927.0
2023-11-06,10306.0
2023-11-07,21898.0
2023-11-08,7676.0
2023-11-09,11340.0
2023-11-10,23053.0
2023-11-11,8316.0
2023-11-12,25485.0
2023-11-13,5091.0
2023-11-14,8122.0
2023-11-15,9966.0
2023-11-16,26356.0
2023-11-17,10014.0
2023-11-18,7659.0
2023-11-19,22666.0
2023-11-20,12069.0
2023-11-21,12447.0
2023-11-22,7169.0
2023-11-23,7561.0
2023-11-24,22398.0
2023-11-25,28243.0
2023-11-26,8532.0
2023-11-27,14182.0
2023-11-28,8049.0
2023-11-29,7033.0
2023-11-30,15164.0
2023-12-01,7661.0
2023-12-02,15484.0
2023-12-03,10686.0
2023-12-04,30926.0
2023-12-05,7056.0
2023-12-06,7888.0
2023-12-07,9157.0
2023-12-08,10556.0
2023-12-09,16756.0
2023-12-10,26063.0
2023-12-11,9294.0
2023-12-12,11502.0
2023-12-13,8816.0
2023-12-14,12367.0
2023-12-15,17768.0
2023-12-16,13073.0
2023-12-17,23973.0
2023-12-18,6855.0
2023-12-19,12826.0
2023-12-20,11066.0
2023-12-21,21361.0
2023-12-22,7463.0
2023-12-23,7104.0
2023-12-24,8361.0
2023-12-25,7446.0
2023-12-26,10411.0
2023-12-27,5995.0
2023-12-28,24158.0
2023-12-29,10595.0
2023-12-30,11070.0
2023-12-31,22000.0
2024-01-01,10054.0
2024-01-02,4507.0
2024-01-03,20991.0
2024-01-04,6302.0
2024-01-05,14791.0
2024-01-06,24053.0
2024-01-07,11029.0
2024-01-08,10703.0
2024-01-09,8542.0
2024-01-10,9390.0
2024-01-11,22624.0
2024-01-12,14823.0
2024-01-13,11863.0
2024-01-14,29578.0
2024-01-15,6325.0
2024-01-16,21540.0
2024-01-17,5691.0
2024-01-18,11784.0
2024-01-19,15949.0
2024-01-20,4571.0
2024-01-21,14864.0
2024-01-22,6343.0
2024-01-23,24004.0
2024-01-24,6259.0
2024-01-25,6379.0
2024-01-26,9630.0
2024-01-27,11946.0
2024-01-28,24318.0
2024-01-29,6692.0
2024-01-30,7554.0
2024-01-31,5046.0
2024-02-01,15415.0
2024-02-02,7705.0
2024-02-03,18440.0
2024-02-04,23517.0
2024-02-05,5398.0
2024-02-06,10328.0
2024-02-07,25486.0
2024-02-08,7882.0
2024-02-09,23203.0
2024-02-10,10346.0
2024-02-11,24879.0
2024-02-12,5082.0
2024-02-13,6488.0
2024-02-14,30051.0
2024-02-15,15838.0
2024-02-16,15564.0
2024-02-17,9713.0
2024-02-18,20695.0
2024-02-19,7189.0
2024-02-20,15158.0
2024-02-21,4851.0
2024-02-22,24310.0
2024-02-23,5627.0
2024-02-24,17803.0
2024-02-25,25436.0
2024-02-26,6561.0
2024-02-27,7149.0
2024-02-28,24230.0
2024-02-29,15689.0
2024-03-01,20971.0
2024-03-02,10803.0
2024-03-03,21563.0
2024-03-04,4857.0
2024-03-05,22269.0
2024-03-06,16006.0
2024-03-07,7941.0
2024-03-08,8246.0
2024-03-09,19922.0
2024-03-10,11959.0
2024-03-11,11307.0
2024-03-12,15125.0
2024-03-13,9629.0
2024-03-14,16505.0
2024-03-15,23650.0
2024-03-16,8090.0
2024-03-17,22171.0
2024-03-18,13922.0
2024-03-19,7470.0
2024-03-20,22296.0
2024-03-21,7346.0
2024-03-22,20706.0
2024-03-23,4396.0
2024-03-24,25299.0
2024-03-25,15770.0
2024-03-26,7703.0
2024-03-27,22804.0
2024-03-28,14411.0
2024-03-29,13476.0
2024-03-30,11503.0
2024-03-31,7239.0
2024-04-01,8202.0
2024-04-02,11480.0
2024-04-03,15489.0
2024-04-04,23610.0
2024-04-05,20442.0
2024-04-06,18431.0
2024-04-07,25318.0
2024-04-08,18703.0
2024-04-09,7268.0
2024-04-10,25594.0
2024-04-11,18599.0
2024-04-12,22312.0
2024-04-13,10790.0
2024-04-14,24454.0
2024-04-15,5100.0
2024-04-16,7063.0
2024-04-17,33490.0
2024-04-18,5005.0
2024-04-19,9295.0
2024-04-20,24755.0
2024-04-21,37303.0
2024-04-22,15969.0
2024-04-23,8272.0
2024-04-24,7506.0
2024-04-25,23484.0
2024-04-26,5350.0
2024-04-27,33651.0
2024-04-28,26431.0
2024-04-29,22705.0
2024-04-30,6497.0
2024-05-01,22697.0
2024-05-02,15419.0
2024-05-03,10382.0
2024-05-04,13951.0
2024-05-05,28495.0
2024-05-06,5898.0
2024-05-07,7276.0
2024-05-08,10935.0
2024-05-09,15568.0
2024-05-10,15341.0
2024-05-11,59420.0
2024-05-12,14676.0
2024-05-13,3956.0
2024-05-14,7342.0
2024-05-15,12144.0
2024-05-16,21897.0
2024-05-17,23129.0
2024-05-18,19758.0
2024-05-19,26357.0
2024-05-20,7533.0
2024-05-21,7731.0
2024-05-22,36161.0
2024-05-23,5617.0
2024-05-24,16925.0
2024-05-25,13699.0
2024-05-26,34110.0
2024-05-27,576.0
2024-05-28,14092.0
2024-05-29,8342.0
2024-05-30,30888.0
2024-05-31,12990.0
2024-06-01,10199.0
2024-06-02,14757.0
2024-06-03,14668.0
2024-06-04,7210.0
2024-06-05,7814.0
2024-06-06,7646.0
2024-06-07,17744.0
2024-06-08,67225.0
2024-06-09,13824.0
2024-06-10,6112.0
2024-06-11,6707.0
2024-06-12,10148.0
2024-06-13,11349.0
2024-06-14,8985.0
2024-06-15,6027.0
2024-06-16,9696.0
2024-06-17,12160.0
2024-06-18,7142.0
2024-06-19,19026.0
2024-06-20,14256.0
2024-06-21,14180.0
2024-06-22,5871.0
2024-06-23,28595.0
2024-06-24,17113.0
2024-06-25,8176.0
2024-06-26,11599.0
2024-06-27,26389.0
2024-06-28,7726.0
2024-06-29,20586.0
2024-06-30,25018.0
2024-07-01,10341.0
2024-07-02,7072.0
2024-07-03,28396.0
2024-07-04,8561.0
2024-07-05,24167.0
2024-07-06,19226.0
2024-07-07,13080.0
2024-07-08,14005.0
2024-07-09,18687.0
2024-07-10,9268.0
2024-07-11,24155.0
2024-07-12,6735.0
2024-07-13,23002.0
2024-07-14,20573.0
2024-07-15,6721.0
2024-07-16,8658.0
2024-07-17,24364.0
2024-07-18,10017.0
2024-07-19,24591.0
2024-07-20,20911.0
2024-07-21,30588.0
2024-07-22,3979.0
2024-07-23,13170.0
2024-07-24,7120.0
2024-07-25,8037.0
2024-07-26,13513.0
2024-07-27,72179.0
2024-07-28,14996.0
2024-07-29,5540.0
2024-07-30,5684.0
2024-07-31,9151.0
2024-08-01,6533.0
2024-08-02,9583.0
2024-08-03,10070.0
2024-08-04,23622.0
2024-08-05,12314.0
2024-08-06,9671.0
2024-08-07,16195.0
2024-08-08,20603.0
2024-08-09,23145.0
2024-08-10,11149.0
2024-08-11,23507.0
2024-08-12,23624.0
2024-08-13,12352.0
2024-08-14,22119.0
2024-08-15,6691.0
2024-08-16,18193.0
2024-08-17,18417.0
2024-08-18,7619.0
2024-08-19,18710.0
2024-08-20,7584.0
2024-08-21,13987.0
2024-08-22,6453.0
2024-08-23,14512.0
2024-08-24,16258.0
2024-08-25,30306.0
2024-08-26,13892.0
2024-08-27,6279.0
2024-08-28,9810.0
2024-08-29,25033.0
2024-08-30,17936.0
2024-08-31,21722.0
2024-09-01,17601.0
2024-09-02,12900.0
2024-09-03,18099.0
2024-09-04,10889.0
2024-09-05,23640.0
2024-09-06,16943.0
2024-09-07,22273.0
2024-09-08,11577.0
2024-09-09,19071.0
2024-09-10,18056.0
2024-09-11,11821.0
2024-09-12,24072.0
2024-09-13,16443.0
2024-09-14,5907.0
2024-09-15,19920.0
2024-09-16,16114.0
2024-09-17,8302.0
2024-09-18,18221.0
2024-09-19,17986.0
2024-09-20,21445.0
2024-09-21,7485.0
2024-09-22,35430.0
2024-09-23,14847.0
2024-09-24,12244.0
2024-09-25,6856.0
2024-09-26,21723.0
2024-09-27,17421.0
2024-09-28,8789.0
2024-09-29,19053.0
2024-09-30,10757.0
2024-10-01,8587.0
2024-10-02,7128.0
2024-10-03,16116.0
2024-10-04,7711.0
2024-10-05,18103.0
2024-10-06,44556.0
2024-10-07,13703.0
2024-10-08,4371.0
2024-10-09,8646.0
2024-10-10,5412.0
2024-10-11,7934.0
2024-10-12,5150.0
2024-10-13,11893.0
2024-10-14,11943.0
2024-10-15,5932.0
2024-10-16,6062.0
2024-10-17,12614.0
2024-10-18,2237.0
2024-10-19,14781.0
2024-10-20,23139.0
2024-10-21,6523.0
2024-10-22,6402.0
2024-10-23,6501.0
2024-10-24,11062.0
2024-10-25,10878.0
2024-10-26,11119.0
2024-10-27,14698.0
2024-10-28,12150.0
2024-10-29,8636.0
2024-10-30,5937.0
2024-10-31,9886.0
2024-11-01,20166.0
2024-11-02,11677.0
2024-11-03,11774.0
2024-11-04,15313.0
2024-11-05,10650.0
2024-11-06,5273.0
2024-11-07,14718.0
2024-11-08,12783.0
2024-11-09,19103.0
2024-11-10,7301.0
2024-11-11,5850.0
2024-11-12,3697.0
2024-11-13,14105.0
2024-11-14,17235.0
2024-11-15,3497.0
2024-11-16,18152.0
2024-11-17,4410.0
2024-11-18,16306.0
2024-11-19,5960.0
2024-11-20,4968.0
2024-11-21,15657.0
2024-11-22,6771.0
2024-11-23,13532.0
2024-11-24,7317.0
2024-11-25,17466.0
2024-11-26,19422.0
2024-11-27,5929.0
2024-11-28,16693.0
2024-11-29,14124.0
2024-11-30,8420.0
2024-12-01,8452.0
2024-12-02,8586.0
2024-12-03,6398.0
2024-12-04,5780.0
2024-12-05,5014.0
2024-12-06,7953.0
2024-12-07,19619.0
2024-12-08,8299.0
2024-12-09,16390.0
2024-12-10,6726.0
2024-12-11,3523.0
2024-12-12,8803.0
2024-12-13,7380.0
2024-12-14,9947.0
2024-12-15,5599.0
2024-12-16,4681.0
2024-12-17,8286.0
2024-12-18,5650.0
2024-12-19,8197.0
2024-12-20,11660.0
2024-12-21,9363.0
2024-12-22,11414.0
2024-12-23,16943.0
2024-12-24,6626.0
2024-12-25,15560.0
2024-12-26,6825.0
2024-12-27,8826.0
2024-12-28,8501.0
2024-12-29,16225.0
2024-12-30,5464.0
2024-12-31,14738.0
2025-01-01,7689.0
2025-01-02,4911.0
2025-01-03,20250.0
2025-01-04,7940.0
2025-01-05,13294.0
2025-01-06,7062.0
2025-01-07,15796.0
2025-01-08,6665.0
2025-01-09,12746.0
2025-01-10,4534.0
2025-01-11,17438.0
2025-01-12,5595.0
2025-01-13,11317.0
2025-01-14,14718.0
2025-01-15,6387.0
2025-01-16,15875.0
2025-01-17,7339.0
2025-01-18,17417.0
2025-01-19,17328.0
2025-01-20,5567.0
2025-01-21,12996.0
2025-01-22,6757.0
2025-01-23,16522.0
2025-01-24,18031.0
2025-01-25,12349.0
2025-01-26,22823.0
2025-01-27,6845.0
2025-01-28,18382.0
2025-01-29,7531.0
2025-01-30,25079.0
2025-01-31,17256.0
2025-02-01,11550.0
2025-02-02,25742.0
2025-02-03,20883.0
2025-02-04,5878.0
2025-02-05,17742.0
2025-02-06,8125.0
2025-02-07,7919.0
2025-02-08,6876.0
2025-02-09,9839.0
2025-02-10,7839.0
2025-02-11,19596.0
2025-02-12,23232.0
2025-02-13,5031.0
2025-02-14,14906.0
2025-02-15,5226.0
2025-02-16,27716.0
2025-02-17,16686.0
2025-02-18,7812.0
2025-02-19,15583.0
2025-02-20,7444.0
2025-02-21,16752.0
2025-02-22,9256.0
2025-02-23,25065.0
2025-02-24,4726.0
2025-02-25,21670.0
2025-02-26,17737.0
2025-02-27,23823.0
2025-02-28,10973.0
2025-03-01,24348.0
2025-03-02,15948.0
2025-03-03,10865.0
2025-03-04,6972.0
2025-03-05,15013.0
2025-03-06,7827.0
2025-03-07,17953.0
2025-03-08,99233.0
2025-03-09,4599.0
2025-03-10,5874.0
2025-03-11,5575.0
2025-03-12,6271.0
2025-03-13,16488.0
2025-03-14,7024.0
2025-03-15,19820.0
2025-03-16,10348.0
2025-03-17,17702.0
2025-03-18,4861.0
2025-03-19,17739.0
2025-03-20,5283.0
2025-03-21,24725.0
2025-03-22,10653.0
2025-03-23,15265.0
2025-03-24,8995.0
2025-03-25,28954.0
2025-03-26,23451.0
2025-03-27,9545.0
2025-03-28,13546.0
2025-03-29,12957.0
2025-03-30,23646.0
2025-03-31,19045.0
2025-04-01,5956.0
2025-04-02,24655.0
2025-04-03,19158.0
2025-04-04,29972.0
2025-04-05,12029.0
2025-04-06,10341.0
2025-04-07,18240.0
2025-04-08,7028.0
2025-04-09,26894.0
2025-04-10,18493.0
2025-04-11,22113.0
2025-04-12,9861.0
2025-04-13,11258.0
2025-04-14,19677.0
2025-04-15,9677.0
2025-04-16,26675.0
2025-04-17,22332.0
2025-04-18,26594.0
2025-04-19,13810.0
2025-04-20,17204.0
2025-04-21,26746.0
2025-04-22,7612.0
2025-04-23,17692.0
2025-04-24,12280.0
2025-04-25,14808.0
2025-04-26,13183.0
2025-04-27,59358.0
2025-04-28,17534.0
2025-04-29,11625.0
2025-04-30,21961.0
2025-05-01,7570.0
2025-05-02,18547.0
2025-05-03,8039.0
2025-05-04,21671.0
2025-05-05,16001.0
2025-05-06,6990.0
2025-05-07,32346.0
2025-05-08,12031.0
2025-05-09,24156.0
2025-05-10,17560.0
2025-05-11,6984.0
2025-05-12,10550.0
2025-05-13,18074.0
2025-05-14,23903.0
2025-05-15,21711.0
2025-05-16,4798.0
2025-05-17,19243.0
2025-05-18,21521.0
2025-05-19,18137.0
2025-05-20,13720.0
2025-05-21,19286.0
2025-05-22,17310.0
2025-05-23,42655.0
2025-05-24,16300.0
2025-05-25,20540.0
2025-05-26,7473.0
2025-05-27,14140.0
2025-05-28,16539.0
2025-05-29,14843.0
2025-05-30,17484.0
2025-05-31,81563.0
2025-06-01,8535.0
2025-06-02,20157.0
2025-06-03,11911.0
2025-06-04,17241.0
2025-06-05,35024.0
2025-06-06,20228.0
2025-06-07,9941.0
2025-06-08,19700.0
2025-06-09,15446.0
2025-06-10,9777.0
2025-06-11,38355.0
2025-06-12,20037.0
2025-06-13,15273.0
2025-06-14,8858.0
2025-06-15,31575.0
2025-06-16,20139.0
2025-06-17,4642.0
2025-06-18,17457.0
2025-06-19,18289.0
2025-06-20,24438.0
2025-06-21,43426.0
2025-06-22,14554.0
2025-06-23,7952.0
2025-06-24,6071.0
2025-06-25,25778.0
2025-06-26,8579.0
2025-06-27,14546.0
2025-06-28,69729.0
2025-06-29,9209.0
2025-06-30,11964.0
2025-07-01,8706.0
2025-07-02,18333.0
2025-07-03,11507.0
2025-07-04,13991.0
2025-07-05,4476.0
2025-07-06,8097.0
2025-07-07,10888.0
2025-07-08,5624.0
2025-07-09,21597.0
2025-07-10,12264.0
2025-07-11,9093.0
2025-07-12,13444.0
2025-07-13,16988.0
2025-07-14,28073.0
2025-07-15,12627.0
2025-07-16,21137.0
2025-07-17,13059.0
2025-07-18,12953.0
2025-07-19,11196.0
2025-07-20,8646.0
2025-07-21,17679.0
2025-07-22,10893.0
2025-07-23,21581.0
2025-07-24,17379.0
2025-07-25,6459.0
2025-07-26,13709.0
2025-07-27,29502.0
2025-07-28,17158.0
2025-07-29,11723.0
2025-07-30,12832.0
2025-07-31,21056.0
2025-08-01,9164.0
2025-08-02,13673.0
2025-08-03,42787.0
2025-08-04,9691.0
2025-08-05,9477.0
2025-08-06,17551.0
2025-08-07,5281.0
2025-08-08,25167.0
2025-08-09,22184.0
2025-08-10,26204.0
2025-08-11,21862.0
2025-08-12,4937.0
2025-08-13,24436.0
2025-08-14,18053.0
2025-08-15,7186.0
2025-08-16,18571.0
2025-08-17,26569.0
2025-08-18,6304.0
2025-08-19,18260.0
2025-08-20,23828.0
2025-08-21,17535.0
2025-08-22,20116.0
2025-08-23,5206.0
2025-08-24,32706.0
2025-08-25,19113.0
2025-08-26,5420.0
2025-08-27,24941.0
2025-08-28,17051.0
2025-08-29,17996.0
2025-08-30,23292.0
2025-08-31,37438.0
2025-09-01,17567.0
2025-09-02,30811.0
2025-09-03,19546.0
2025-09-04,19545.0
2025-09-05,25890.0
2025-09-06,6631.0
2025-09-07,23083.0
2025-09-08,5848.0
2025-09-09,5044.0
2025-09-10,10592.0
2025-09-11,27862.0
2025-09-12,11302.0
2025-09-13,26645.0
2025-09-14,11873.0
2025-09-15,17349.0
2025-09-16,7750.0
2025-09-17,20537.0
