date,strengthScore,enduranceScore,overallScore,hillScoreClassificationId,hillScoreFeedbackPhraseId,vo2Max,vo2MaxPreciseValue
2021-07-07,,,,,,,
2021-07-08,,,,,,,
2021-07-09,,,,,,,
2021-07-10,,,,,,,
2021-07-11,,,,,,,
2021-07-12,,,,,,,
2021-07-13,,,,,,,
2021-07-14,,,,,,,
2021-07-15,,,,,,,
2021-07-16,,,,,,,
2021-07-17,,,,,,,
2021-07-18,,,,,,,
2021-07-19,,,,,,,
2021-07-20,,,,,,,
2021-07-21,,,,,,,
2021-07-22,,,,,,,
2021-07-23,,,,,,,
2021-07-24,,,,,,,
2021-07-25,,,,,,,
2021-07-26,,,,,,,
2021-07-27,,,,,,,
2021-07-28,,,,,,,
2021-07-29,,,,,,,
2021-07-30,,,,,,,
2021-07-31,,,,,,,
2021-08-01,,,,,,,
2021-08-02,,,,,,,
2021-08-03,,,,,,,
2021-08-04,,,,,,,
2021-08-05,,,,,,,
2021-08-06,,,,,,,
2021-08-07,,,,,,,
2021-08-08,,,,,,,
2021-08-09,,,,,,,
2021-08-10,,,,,,,
2021-08-11,,,,,,,
2021-08-12,,,,,,,
2021-08-13,,,,,,,
2021-08-14,,,,,,,
2021-08-15,,,,,,,
2021-08-16,,,,,,,
2021-08-17,,,,,,,
2021-08-18,,,,,,,
2021-08-19,,,,,,,
2021-08-20,,,,,,,
2021-08-21,,,,,,,
2021-08-22,,,,,,,
2021-08-23,,,,,,,
2021-08-24,,,,,,,
2021-08-25,,,,,,,
2021-08-26,,,,,,,
2021-08-27,,,,,,,
2021-08-28,,,,,,,
2021-08-29,,,,,,,
2021-08-30,,,,,,,
2021-08-31,,,,,,,
2021-09-01,,,,,,,
2021-09-02,,,,,,,
2021-09-03,,,,,,,
2021-09-04,,,,,,,
2021-09-05,,,,,,,
2021-09-06,,,,,,,
2021-09-07,,,,,,,
2021-09-08,,,,,,,
2021-09-09,,,,,,,
2021-09-10,,,,,,,
2021-09-11,,,,,,,
2021-09-12,,,,,,,
2021-09-13,,,,,,,
2021-09-14,,,,,,,
2021-09-15,,,,,,,
2021-09-16,,,,,,,
2021-09-17,,,,,,,
2021-09-18,,,,,,,
2021-09-19,,,,,,,
2021-09-20,,,,,,,
2021-09-21,,,,,,,
2021-09-22,,,,,,,
2021-09-23,,,,,,,
2021-09-24,,,,,,,
2021-09-25,,,,,,,
2021-09-26,,,,,,,
2021-09-27,,,,,,,
2021-09-28,,,,,,,
2021-09-29,,,,,,,
2021-09-30,,,,,,,
2021-10-01,,,,,,,
2021-10-02,,,,,,,
2021-10-03,,,,,,,
2021-10-04,,,,,,,
2021-10-05,,,,,,,
2021-10-06,,,,,,,
2021-10-07,,,,,,,
2021-10-08,,,,,,,
2021-10-09,,,,,,,
2021-10-10,,,,,,,
2021-10-11,,,,,,,
2021-10-12,,,,,,,
2021-10-13,,,,,,,
2021-10-14,,,,,,,
2021-10-15,,,,,,,
2021-10-16,,,,,,,
2021-10-17,,,,,,,
2021-10-18,,,,,,,
2021-10-19,,,,,,,
2021-10-20,,,,,,,
2021-10-21,,,,,,,
2021-10-22,,,,,,,
2021-10-23,,,,,,,
2021-10-24,,,,,,,
2021-10-25,,,,,,,
2021-10-26,,,,,,,
2021-10-27,,,,,,,
2021-10-28,,,,,,,
2021-10-29,,,,,,,
2021-10-30,,,,,,,
2021-10-31,,,,,,,
2021-11-01,,,,,,,
2021-11-02,,,,,,,
2021-11-03,,,,,,,
2021-11-04,,,,,,,
2021-11-05,,,,,,,
2021-11-06,,,,,,,
2021-11-07,,,,,,,
2021-11-08,,,,,,,
2021-11-09,,,,,,,
2021-11-10,,,,,,,
2021-11-11,,,,,,,
2021-11-12,,,,,,,
2021-11-13,,,,,,,
2021-11-14,,,,,,,
2021-11-15,,,,,,,
2021-11-16,,,,,,,
2021-11-17,,,,,,,
2021-11-18,,,,,,,
2021-11-19,,,,,,,
2021-11-20,,,,,,,
2021-11-21,,,,,,,
2021-11-22,,,,,,,
2021-11-23,,,,,,,
2021-11-24,,,,,,,
2021-11-25,,,,,,,
2021-11-26,,,,,,,
2021-11-27,,,,,,,
2021-11-28,,,,,,,
2021-11-29,,,,,,,
2021-11-30,,,,,,,
2021-12-01,,,,,,,
2021-12-02,,,,,,,
2021-12-03,,,,,,,
2021-12-04,,,,,,,
2021-12-05,,,,,,,
2021-12-06,,,,,,,
2021-12-07,,,,,,,
2021-12-08,,,,,,,
2021-12-09,,,,,,,
2021-12-10,,,,,,,
2021-12-11,,,,,,,
2021-12-12,,,,,,,
2021-12-13,,,,,,,
2021-12-14,,,,,,,
2021-12-15,,,,,,,
2021-12-16,,,,,,,
2021-12-17,,,,,,,
2021-12-18,,,,,,,
2021-12-19,,,,,,,
2021-12-20,,,,,,,
2021-12-21,,,,,,,
2021-12-22,,,,,,,
2021-12-23,,,,,,,
2021-12-24,,,,,,,
2021-12-25,,,,,,,
2021-12-26,,,,,,,
2021-12-27,,,,,,,
2021-12-28,,,,,,,
2021-12-29,,,,,,,
2021-12-30,,,,,,,
2021-12-31,,,,,,,
2022-01-01,,,,,,,
2022-01-02,,,,,,,
2022-01-03,,,,,,,
2022-01-04,,,,,,,
2022-01-05,,,,,,,
2022-01-06,,,,,,,
2022-01-07,,,,,,,
2022-01-08,,,,,,,
2022-01-09,,,,,,,
2022-01-10,,,,,,,
2022-01-11,,,,,,,
2022-01-12,,,,,,,
2022-01-13,,,,,,,
2022-01-14,,,,,,,
2022-01-15,,,,,,,
2022-01-16,,,,,,,
2022-01-17,,,,,,,
2022-01-18,,,,,,,
2022-01-19,,,,,,,
2022-01-20,,,,,,,
2022-01-21,,,,,,,
2022-01-22,,,,,,,
2022-01-23,,,,,,,
2022-01-24,,,,,,,
2022-01-25,,,,,,,
2022-01-26,,,,,,,
2022-01-27,,,,,,,
2022-01-28,,,,,,,
2022-01-29,,,,,,,
2022-01-30,,,,,,,
2022-01-31,,,,,,,
2022-02-01,,,,,,,
2022-02-02,,,,,,,
2022-02-03,,,,,,,
2022-02-04,,,,,,,
2022-02-05,,,,,,,
2022-02-06,,,,,,,
2022-02-07,,,,,,,
2022-02-08,,,,,,,
2022-02-09,,,,,,,
2022-02-10,,,,,,,
2022-02-11,,,,,,,
2022-02-12,,,,,,,
2022-02-13,,,,,,,
2022-02-14,,,,,,,
2022-02-15,,,,,,,
2022-02-16,,,,,,,
2022-02-17,,,,,,,
2022-02-18,,,,,,,
2022-02-19,,,,,,,
2022-02-20,,,,,,,
2022-02-21,,,,,,,
2022-02-22,,,,,,,
2022-02-23,,,,,,,
2022-02-24,,,,,,,
2022-02-25,,,,,,,
2022-02-26,,,,,,,
2022-02-27,,,,,,,
2022-02-28,,,,,,,
2022-03-01,,,,,,,
2022-03-02,,,,,,,
2022-03-03,,,,,,,
2022-03-04,,,,,,,
2022-03-05,,,,,,,
2022-03-06,,,,,,,
2022-03-07,,,,,,,
2022-03-08,,,,,,,
2022-03-09,,,,,,,
2022-03-10,,,,,,,
2022-03-11,,,,,,,
2022-03-12,,,,,,,
2022-03-13,,,,,,,
2022-03-14,,,,,,,
2022-03-15,,,,,,,
2022-03-16,,,,,,,
2022-03-17,,,,,,,
2022-03-18,,,,,,,
2022-03-19,,,,,,,
2022-03-20,,,,,,,
2022-03-21,,,,,,,
2022-03-22,,,,,,,
2022-03-23,,,,,,,
2022-03-24,,,,,,,
2022-03-25,,,,,,,
2022-03-26,,,,,,,
2022-03-27,,,,,,,
2022-03-28,,,,,,,
2022-03-29,,,,,,,
2022-03-30,,,,,,,
2022-03-31,,,,,,,
2022-04-01,,,,,,,
2022-04-02,,,,,,,
2022-04-03,,,,,,,
2022-04-04,,,,,,,
2022-04-05,,,,,,,
2022-04-06,,,,,,,
2022-04-07,,,,,,,
2022-04-08,,,,,,,
2022-04-09,,,,,,,
2022-04-10,,,,,,,
2022-04-11,,,,,,,
2022-04-12,,,,,,,
2022-04-13,,,,,,,
2022-04-14,,,,,,,
2022-04-15,,,,,,,
2022-04-16,,,,,,,
2022-04-17,,,,,,,
2022-04-18,,,,,,,
2022-04-19,,,,,,,
2022-04-20,,,,,,,
2022-04-21,,,,,,,
2022-04-22,,,,,,,
2022-04-23,,,,,,,
2022-04-24,,,,,,,
2022-04-25,,,,,,,
2022-04-26,,,,,,,
2022-04-27,,,,,,,
2022-04-28,,,,,,,
2022-04-29,,,,,,,
2022-04-30,,,,,,,
2022-05-01,,,,,,,
2022-05-02,,,,,,,
2022-05-03,,,,,,,
2022-05-04,,,,,,,
2022-05-05,,,,,,,
2022-05-06,,,,,,,
2022-05-07,,,,,,,
2022-05-08,,,,,,,
2022-05-09,,,,,,,
2022-05-10,,,,,,,
2022-05-11,,,,,,,
2022-05-12,,,,,,,
2022-05-13,,,,,,,
2022-05-14,,,,,,,
2022-05-15,,,,,,,
2022-05-16,,,,,,,
2022-05-17,,,,,,,
2022-05-18,,,,,,,
2022-05-19,,,,,,,
2022-05-20,,,,,,,
2022-05-21,,,,,,,
2022-05-22,,,,,,,
2022-05-23,,,,,,,
2022-05-24,,,,,,,
2022-05-25,,,,,,,
2022-05-26,,,,,,,
2022-05-27,,,,,,,
2022-05-28,,,,,,,
2022-05-29,,,,,,,
2022-05-30,,,,,,,
2022-05-31,,,,,,,
2022-06-01,,,,,,,
2022-06-02,,,,,,,
2022-06-03,,,,,,,
2022-06-04,,,,,,,
2022-06-05,,,,,,,
2022-06-06,,,,,,,
2022-06-07,,,,,,,
2022-06-08,,,,,,,
2022-06-09,,,,,,,
2022-06-10,,,,,,,
2022-06-11,,,,,,,
2022-06-12,,,,,,,
2022-06-13,,,,,,,
2022-06-14,,,,,,,
2022-06-15,,,,,,,
2022-06-16,,,,,,,
2022-06-17,,,,,,,
2022-06-18,,,,,,,
2022-06-19,,,,,,,
2022-06-20,,,,,,,
2022-06-21,,,,,,,
2022-06-22,,,,,,,
2022-06-23,,,,,,,
2022-06-24,,,,,,,
2022-06-25,,,,,,,
2022-06-26,,,,,,,
2022-06-27,,,,,,,
2022-06-28,,,,,,,
2022-06-29,,,,,,,
2022-06-30,,,,,,,
2022-07-01,,,,,,,
2022-07-02,,,,,,,
2022-07-03,,,,,,,
2022-07-04,,,,,,,
2022-07-05,,,,,,,
2022-07-06,,,,,,,
2022-07-07,,,,,,,
2022-07-08,,,,,,,
2022-07-09,,,,,,,
2022-07-10,,,,,,,
2022-07-11,,,,,,,
2022-07-12,,,,,,,
2022-07-13,,,,,,,
2022-07-14,,,,,,,
2022-07-15,,,,,,,
2022-07-16,,,,,,,
2022-07-17,,,,,,,
2022-07-18,,,,,,,
2022-07-19,,,,,,,
2022-07-20,,,,,,,
2022-07-21,,,,,,,
2022-07-22,,,,,,,
2022-07-23,,,,,,,
2022-07-24,,,,,,,
2022-07-25,,,,,,,
2022-07-26,,,,,,,
2022-07-27,,,,,,,
2022-07-28,,,,,,,
2022-07-29,,,,,,,
2022-07-30,,,,,,,
2022-07-31,,,,,,,
2022-08-01,,,,,,,
2022-08-02,,,,,,,
2022-08-03,,,,,,,
2022-08-04,,,,,,,
2022-08-05,,,,,,,
2022-08-06,,,,,,,
2022-08-07,,,,,,,
2022-08-08,,,,,,,
2022-08-09,,,,,,,
2022-08-10,,,,,,,
2022-08-11,,,,,,,
2022-08-12,,,,,,,
2022-08-13,,,,,,,
2022-08-14,,,,,,,
2022-08-15,,,,,,,
2022-08-16,,,,,,,
2022-08-17,,,,,,,
2022-08-18,,,,,,,
2022-08-19,,,,,,,
2022-08-20,,,,,,,
2022-08-21,,,,,,,
2022-08-22,,,,,,,
2022-08-23,,,,,,,
2022-08-24,,,,,,,
2022-08-25,,,,,,,
2022-08-26,,,,,,,
2022-08-27,,,,,,,
2022-08-28,,,,,,,
2022-08-29,,,,,,,
2022-08-30,,,,,,,
2022-08-31,,,,,,,
2022-09-01,,,,,,,
2022-09-02,,,,,,,
2022-09-03,,,,,,,
2022-09-04,,,,,,,
2022-09-05,,,,,,,
2022-09-06,,,,,,,
2022-09-07,,,,,,,
2022-09-08,,,,,,,
2022-09-09,,,,,,,
2022-09-10,,,,,,,
2022-09-11,,,,,,,
2022-09-12,,,,,,,
2022-09-13,,,,,,,
2022-09-14,,,,,,,
2022-09-15,,,,,,,
2022-09-16,,,,,,,
2022-09-17,,,,,,,
2022-09-18,,,,,,,
2022-09-19,,,,,,,
2022-09-20,,,,,,,
2022-09-21,,,,,,,
2022-09-22,,,,,,,
2022-09-23,,,,,,,
2022-09-24,,,,,,,
2022-09-25,,,,,,,
2022-09-26,,,,,,,
2022-09-27,,,,,,,
2022-09-28,,,,,,,
2022-09-29,,,,,,,
2022-09-30,,,,,,,
2022-10-01,,,,,,,
2022-10-02,,,,,,,
2022-10-03,,,,,,,
2022-10-04,,,,,,,
2022-10-05,,,,,,,
2022-10-06,,,,,,,
2022-10-07,,,,,,,
2022-10-08,,,,,,,
2022-10-09,,,,,,,
2022-10-10,,,,,,,
2022-10-11,,,,,,,
2022-10-12,,,,,,,
2022-10-13,,,,,,,
2022-10-14,,,,,,,
2022-10-15,,,,,,,
2022-10-16,,,,,,,
2022-10-17,,,,,,,
2022-10-18,,,,,,,
2022-10-19,,,,,,,
2022-10-20,,,,,,,
2022-10-21,,,,,,,
2022-10-22,,,,,,,
2022-10-23,,,,,,,
2022-10-24,,,,,,,
2022-10-25,,,,,,,
2022-10-26,,,,,,,
2022-10-27,,,,,,,
2022-10-28,,,,,,,
2022-10-29,,,,,,,
2022-10-30,,,,,,,
2022-10-31,,,,,,,
2022-11-01,,,,,,,
2022-11-02,,,,,,,
2022-11-03,,,,,,,
2022-11-04,,,,,,,
2022-11-05,,,,,,,
2022-11-06,,,,,,,
2022-11-07,,,,,,,
2022-11-08,,,,,,,
2022-11-09,,,,,,,
2022-11-10,,,,,,,
2022-11-11,,,,,,,
2022-11-12,,,,,,,
2022-11-13,,,,,,,
2022-11-14,,,,,,,
2022-11-15,,,,,,,
2022-11-16,,,,,,,
2022-11-17,,,,,,,
2022-11-18,,,,,,,
2022-11-19,,,,,,,
2022-11-20,,,,,,,
2022-11-21,,,,,,,
2022-11-22,,,,,,,
2022-11-23,,,,,,,
2022-11-24,,,,,,,
2022-11-25,,,,,,,
2022-11-26,,,,,,,
2022-11-27,,,,,,,
2022-11-28,,,,,,,
2022-11-29,,,,,,,
2022-11-30,,,,,,,
2022-12-01,,,,,,,
2022-12-02,,,,,,,
2022-12-03,,,,,,,
2022-12-04,,,,,,,
2022-12-05,,,,,,,
2022-12-06,,,,,,,
2022-12-07,,,,,,,
2022-12-08,,,,,,,
2022-12-09,,,,,,,
2022-12-10,,,,,,,
2022-12-11,,,,,,,
2022-12-12,,,,,,,
2022-12-13,,,,,,,
2022-12-14,,,,,,,
2022-12-15,,,,,,,
2022-12-16,,,,,,,
2022-12-17,,,,,,,
2022-12-18,,,,,,,
2022-12-19,,,,,,,
2022-12-20,,,,,,,
2022-12-21,,,,,,,
2022-12-22,,,,,,,
2022-12-23,,,,,,,
2022-12-24,,,,,,,
2022-12-25,,,,,,,
2022-12-26,,,,,,,
2022-12-27,,,,,,,
2022-12-28,,,,,,,
2022-12-29,,,,,,,
2022-12-30,,,,,,,
2022-12-31,,,,,,,
2023-01-01,,,,,,,
2023-01-02,,,,,,,
2023-01-03,,,,,,,
2023-01-04,,,,,,,
2023-01-05,,,,,,,
2023-01-06,,,,,,,
2023-01-07,,,,,,,
2023-01-08,,,,,,,
2023-01-09,,,,,,,
2023-01-10,,,,,,,
2023-01-11,,,,,,,
2023-01-12,,,,,,,
2023-01-13,,,,,,,
2023-01-14,,,,,,,
2023-01-15,,,,,,,
2023-01-16,,,,,,,
2023-01-17,,,,,,,
2023-01-18,,,,,,,
2023-01-19,,,,,,,
2023-01-20,,,,,,,
2023-01-21,,,,,,,
2023-01-22,,,,,,,
2023-01-23,,,,,,,
2023-01-24,,,,,,,
2023-01-25,,,,,,,
2023-01-26,,,,,,,
2023-01-27,,,,,,,
2023-01-28,,,,,,,
2023-01-29,,,,,,,
2023-01-30,,,,,,,
2023-01-31,,,,,,,
2023-02-01,,,,,,,
2023-02-02,,,,,,,
2023-02-03,,,,,,,
2023-02-04,,,,,,,
2023-02-05,,,,,,,
2023-02-06,,,,,,,
2023-02-07,,,,,,,
2023-02-08,,,,,,,
2023-02-09,,,,,,,
2023-02-10,,,,,,,
2023-02-11,,,,,,,
2023-02-12,,,,,,,
2023-02-13,,,,,,,
2023-02-14,,,,,,,
2023-02-15,,,,,,,
2023-02-16,,,,,,,
2023-02-17,,,,,,,
2023-02-18,,,,,,,
2023-02-19,,,,,,,
2023-02-20,,,,,,,
2023-02-21,,,,,,,
2023-02-22,,,,,,,
2023-02-23,,,,,,,
2023-02-24,,,,,,,
2023-02-25,,,,,,,
2023-02-26,,,,,,,
2023-02-27,,,,,,,
2023-02-28,,,,,,,
2023-03-01,,,,,,,
2023-03-02,,,,,,,
2023-03-03,,,,,,,
2023-03-04,,,,,,,
2023-03-05,,,,,,,
2023-03-06,,,,,,,
2023-03-07,,,,,,,
2023-03-08,,,,,,,
2023-03-09,,,,,,,
2023-03-10,,,,,,,
2023-03-11,,,,,,,
2023-03-12,,,,,,,
2023-03-13,,,,,,,
2023-03-14,,,,,,,
2023-03-15,,,,,,,
2023-03-16,,,,,,,
2023-03-17,,,,,,,
2023-03-18,,,,,,,
2023-03-19,,,,,,,
2023-03-20,,,,,,,
2023-03-21,,,,,,,
2023-03-22,,,,,,,
2023-03-23,,,,,,,
2023-03-24,,,,,,,
2023-03-25,,,,,,,
2023-03-26,,,,,,,
2023-03-27,,,,,,,
2023-03-28,,,,,,,
2023-03-29,,,,,,,
2023-03-30,,,,,,,
2023-03-31,,,,,,,
2023-04-01,,,,,,,
2023-04-02,,,,,,,
2023-04-03,,,,,,,
2023-04-04,,,,,,,
2023-04-05,,,,,,,
2023-04-06,,,,,,,
2023-04-07,,,,,,,
2023-04-08,,,,,,,
2023-04-09,,,,,,,
2023-04-10,,,,,,,
2023-04-11,,,,,,,
2023-04-12,,,,,,,
2023-04-13,,,,,,,
2023-04-14,,,,,,,
2023-04-15,,,,,,,
2023-04-16,,,,,,,
2023-04-17,,,,,,,
2023-04-18,,,,,,,
2023-04-19,,,,,,,
2023-04-20,,,,,,,
2023-04-21,,,,,,,
2023-04-22,,,,,,,
2023-04-23,,,,,,,
2023-04-24,,,,,,,
2023-04-25,,,,,,,
2023-04-26,,,,,,,
2023-04-27,,,,,,,
2023-04-28,,,,,,,
2023-04-29,,,,,,,
2023-04-30,,,,,,,
2023-05-01,,,,,,,
2023-05-02,,,,,,,
2023-05-03,,,,,,,
2023-05-04,,,,,,,
2023-05-05,,,,,,,
2023-05-06,,,,,,,
2023-05-07,,,,,,,
2023-05-08,,,,,,,
2023-05-09,,,,,,,
2023-05-10,,,,,,,
2023-05-11,,,,,,,
2023-05-12,,,,,,,
2023-05-13,,,,,,,
2023-05-14,,,,,,,
2023-05-15,,,,,,,
2023-05-16,,,,,,,
2023-05-17,,,,,,,
2023-05-18,,,,,,,
2023-05-19,,,,,,,
2023-05-20,,,,,,,
2023-05-21,,,,,,,
2023-05-22,,,,,,,
2023-05-23,,,,,,,
2023-05-24,,,,,,,
2023-05-25,,,,,,,
2023-05-26,,,,,,,
2023-05-27,,,,,,,
2023-05-28,,,,,,,
2023-05-29,,,,,,,
2023-05-30,,,,,,,
2023-05-31,,,,,,,
2023-06-01,,,,,,,
2023-06-02,,,,,,,
2023-06-03,,,,,,,
2023-06-04,,,,,,,
2023-06-05,,,,,,,
2023-06-06,,,,,,,
2023-06-07,,,,,,,
2023-06-08,,,,,,,
2023-06-09,,,,,,,
2023-06-10,,,,,,,
2023-06-11,,,,,,,
2023-06-12,,,,,,,
2023-06-13,,,,,,,
2023-06-14,,,,,,,
2023-06-15,,,,,,,
2023-06-16,,,,,,,
2023-06-17,,,,,,,
2023-06-18,,,,,,,
2023-06-19,,,,,,,
2023-06-20,,,,,,,
2023-06-21,,,,,,,
2023-06-22,,,,,,,
2023-06-23,,,,,,,
2023-06-24,,,,,,,
2023-06-25,,,,,,,
2023-06-26,,,,,,,
2023-06-27,,,,,,,
2023-06-28,,,,,,,
2023-06-29,,,,,,,
2023-06-30,,,,,,,
2023-07-01,,,,,,,
2023-07-02,,,,,,,
2023-07-03,,,,,,,
2023-07-04,,,,,,,
2023-07-05,,,,,,,
2023-07-06,,,,,,,
2023-07-07,,,,,,,
2023-07-08,,,,,,,
2023-07-09,,,,,,,
2023-07-10,,,,,,,
2023-07-11,,,,,,,
2023-07-12,,,,,,,
2023-07-13,,,,,,,
2023-07-14,,,,,,,
2023-07-15,,,,,,,
2023-07-16,,,,,,,
2023-07-17,,,,,,,
2023-07-18,,,,,,,
2023-07-19,,,,,,,
2023-07-20,,,,,,,
2023-07-21,,,,,,,
2023-07-22,,,,,,,
2023-07-23,,,,,,,
2023-07-24,,,,,,,
2023-07-25,,,,,,,
2023-07-26,,,,,,,
2023-07-27,,,,,,,
2023-07-28,,,,,,,
2023-07-29,,,,,,,
2023-07-30,,,,,,,
2023-07-31,,,,,,,
2023-08-01,,,,,,,
2023-08-02,,,,,,,
2023-08-03,,,,,,,
2023-08-04,,,,,,,
2023-08-05,,,,,,,
2023-08-06,,,,,,,
2023-08-07,,,,,,,
2023-08-08,,,,,,,
2023-08-09,,,,,,,
2023-08-10,,,,,,,
2023-08-11,,,,,,,
2023-08-12,,,,,,,
2023-08-13,,,,,,,
2023-08-14,,,,,,,
2023-08-15,,,,,,,
2023-08-16,70.0,60.0,72.0,4.0,28.0,54.0,54.2
2023-08-17,70.0,60.0,72.0,4.0,28.0,54.0,54.2
2023-08-18,70.0,60.0,72.0,4.0,28.0,54.0,54.2
2023-08-19,70.0,60.0,72.0,4.0,28.0,54.0,54.3
2023-08-20,70.0,60.0,72.0,4.0,28.0,54.0,54.3
2023-08-21,70.0,60.0,72.0,4.0,28.0,54.0,54.3
2023-08-22,70.0,60.0,72.0,4.0,28.0,54.0,54.3
2023-08-23,70.0,60.0,72.0,4.0,28.0,54.0,54.3
2023-08-24,70.0,60.0,72.0,4.0,28.0,54.0,54.3
2023-08-25,70.0,60.0,72.0,4.0,28.0,54.0,54.3
2023-08-26,70.0,60.0,72.0,4.0,28.0,54.0,54.3
2023-08-27,69.0,60.0,71.0,4.0,28.0,54.0,54.3
2023-08-28,69.0,60.0,71.0,4.0,28.0,54.0,54.3
2023-08-29,68.0,60.0,71.0,4.0,28.0,54.0,54.3
2023-08-30,68.0,60.0,71.0,4.0,28.0,54.0,54.3
2023-08-31,67.0,60.0,71.0,4.0,28.0,54.0,54.3
2023-09-01,67.0,60.0,71.0,4.0,28.0,54.0,54.3
2023-09-02,65.0,60.0,71.0,4.0,40.0,54.0,54.3
2023-09-03,65.0,59.0,70.0,4.0,28.0,54.0,54.4
2023-09-04,64.0,59.0,70.0,4.0,40.0,54.0,54.4
2023-09-05,64.0,59.0,70.0,4.0,40.0,55.0,54.6
2023-09-06,64.0,59.0,70.0,4.0,40.0,55.0,54.6
2023-09-07,64.0,59.0,70.0,4.0,40.0,54.0,54.4
2023-09-08,64.0,59.0,70.0,4.0,40.0,54.0,54.4
2023-09-09,64.0,59.0,70.0,4.0,40.0,54.0,54.4
2023-09-10,63.0,59.0,70.0,4.0,40.0,54.0,54.4
2023-09-11,63.0,59.0,70.0,4.0,40.0,54.0,54.4
2023-09-12,63.0,59.0,70.0,4.0,40.0,54.0,54.4
2023-09-13,63.0,59.0,70.0,4.0,41.0,54.0,54.4
2023-09-14,63.0,58.0,69.0,3.0,12.0,54.0,54.4
2023-09-15,63.0,59.0,70.0,4.0,18.0,54.0,54.4
2023-09-16,63.0,59.0,70.0,4.0,18.0,54.0,54.4
2023-09-17,63.0,59.0,70.0,4.0,40.0,54.0,54.4
2023-09-18,63.0,59.0,70.0,4.0,41.0,54.0,54.5
2023-09-19,63.0,59.0,70.0,4.0,21.0,54.0,54.4
2023-09-20,63.0,59.0,70.0,4.0,22.0,54.0,54.4
2023-09-21,63.0,59.0,70.0,4.0,40.0,54.0,54.4
2023-09-22,63.0,59.0,70.0,4.0,40.0,54.0,54.4
2023-09-23,63.0,59.0,70.0,4.0,41.0,54.0,54.4
2023-09-24,64.0,60.0,70.0,4.0,21.0,54.0,54.3
2023-09-25,64.0,59.0,70.0,4.0,22.0,54.0,54.3
2023-09-26,64.0,60.0,70.0,4.0,23.0,54.0,54.3
2023-09-27,64.0,60.0,70.0,4.0,40.0,54.0,54.3
2023-09-28,64.0,60.0,70.0,4.0,41.0,54.0,54.3
2023-09-29,64.0,60.0,70.0,4.0,21.0,54.0,54.3
2023-09-30,64.0,60.0,70.0,4.0,22.0,54.0,54.3
2023-10-01,64.0,60.0,70.0,4.0,23.0,54.0,54.3
2023-10-02,66.0,60.0,71.0,4.0,27.0,54.0,54.3
2023-10-03,66.0,60.0,71.0,4.0,28.0,54.0,54.3
2023-10-04,66.0,60.0,71.0,4.0,26.0,54.0,54.3
2023-10-05,66.0,60.0,71.0,4.0,27.0,54.0,54.4
2023-10-06,68.0,60.0,71.0,4.0,28.0,54.0,54.3
2023-10-07,68.0,60.0,71.0,4.0,26.0,54.0,54.3
2023-10-08,68.0,60.0,71.0,4.0,27.0,54.0,54.3
2023-10-09,68.0,60.0,71.0,4.0,28.0,54.0,54.5
2023-10-10,68.0,60.0,71.0,4.0,26.0,55.0,54.6
2023-10-11,68.0,60.0,71.0,4.0,27.0,55.0,54.6
2023-10-12,68.0,61.0,72.0,4.0,24.0,55.0,54.5
2023-10-13,68.0,61.0,72.0,4.0,25.0,55.0,54.5
2023-10-14,68.0,60.0,71.0,4.0,27.0,55.0,54.5
2023-10-15,71.0,61.0,72.0,4.0,25.0,55.0,54.5
2023-10-16,71.0,61.0,72.0,4.0,24.0,55.0,54.5
2023-10-17,71.0,61.0,72.0,4.0,27.0,55.0,54.5
2023-10-18,71.0,61.0,72.0,4.0,28.0,55.0,54.5
2023-10-19,71.0,61.0,72.0,4.0,26.0,55.0,54.6
2023-10-20,71.0,61.0,72.0,4.0,27.0,55.0,54.6
2023-10-21,71.0,61.0,72.0,4.0,28.0,55.0,54.6
2023-10-22,71.0,61.0,73.0,4.0,24.0,55.0,54.6
2023-10-23,71.0,61.0,73.0,4.0,25.0,55.0,54.6
2023-10-24,71.0,61.0,73.0,4.0,24.0,55.0,54.7
2023-10-25,71.0,61.0,73.0,4.0,25.0,55.0,54.7
2023-10-26,71.0,61.0,73.0,4.0,27.0,55.0,54.8
2023-10-27,72.0,61.0,73.0,4.0,28.0,55.0,54.8
2023-10-28,71.0,61.0,73.0,4.0,26.0,55.0,54.8
2023-10-29,74.0,61.0,73.0,4.0,27.0,55.0,54.7
2023-10-30,74.0,61.0,73.0,4.0,28.0,55.0,54.7
2023-10-31,74.0,61.0,73.0,4.0,26.0,55.0,54.8
2023-11-01,74.0,61.0,73.0,4.0,27.0,55.0,54.8
2023-11-02,74.0,61.0,73.0,4.0,28.0,55.0,54.8
2023-11-03,74.0,60.0,73.0,4.0,26.0,55.0,54.8
2023-11-04,74.0,61.0,73.0,4.0,27.0,55.0,54.8
2023-11-05,74.0,61.0,73.0,4.0,28.0,55.0,54.8
2023-11-06,73.0,61.0,73.0,4.0,26.0,55.0,54.8
2023-11-07,73.0,61.0,73.0,4.0,27.0,55.0,54.8
2023-11-08,73.0,61.0,73.0,4.0,28.0,55.0,54.8
2023-11-09,73.0,61.0,73.0,4.0,26.0,55.0,54.9
2023-11-10,74.0,61.0,73.0,4.0,27.0,55.0,54.9
2023-11-11,74.0,61.0,73.0,4.0,28.0,55.0,54.9
2023-11-12,74.0,62.0,74.0,4.0,26.0,55.0,54.9
2023-11-13,74.0,62.0,74.0,4.0,27.0,55.0,54.9
2023-11-14,74.0,62.0,74.0,4.0,28.0,55.0,54.9
2023-11-15,74.0,62.0,74.0,4.0,26.0,55.0,54.9
2023-11-16,74.0,62.0,74.0,4.0,27.0,55.0,54.9
2023-11-17,74.0,62.0,74.0,4.0,28.0,55.0,54.9
2023-11-18,73.0,62.0,74.0,4.0,26.0,55.0,54.9
2023-11-19,72.0,62.0,73.0,4.0,27.0,55.0,54.9
2023-11-20,72.0,62.0,73.0,4.0,28.0,55.0,54.9
2023-11-21,73.0,62.0,74.0,4.0,26.0,55.0,54.9
2023-11-22,73.0,62.0,74.0,4.0,27.0,55.0,54.9
2023-11-23,72.0,62.0,73.0,4.0,28.0,55.0,54.9
2023-11-24,72.0,61.0,73.0,4.0,26.0,55.0,55.0
2023-11-25,72.0,61.0,73.0,4.0,27.0,55.0,55.0
2023-11-26,71.0,60.0,72.0,4.0,28.0,55.0,55.0
2023-11-27,71.0,60.0,72.0,4.0,26.0,55.0,55.1
2023-11-28,71.0,60.0,72.0,4.0,27.0,55.0,55.1
2023-11-29,71.0,60.0,72.0,4.0,28.0,55.0,55.1
2023-11-30,70.0,60.0,72.0,4.0,26.0,55.0,54.9
2023-12-01,70.0,60.0,72.0,4.0,27.0,55.0,54.9
2023-12-02,70.0,60.0,72.0,4.0,28.0,55.0,54.9
2023-12-03,70.0,60.0,72.0,4.0,26.0,55.0,54.9
2023-12-04,70.0,60.0,72.0,4.0,27.0,55.0,54.9
2023-12-05,70.0,60.0,72.0,4.0,28.0,55.0,54.9
2023-12-06,70.0,60.0,72.0,4.0,26.0,55.0,54.9
2023-12-07,70.0,60.0,72.0,4.0,27.0,55.0,54.9
2023-12-08,70.0,60.0,72.0,4.0,28.0,55.0,54.9
2023-12-09,70.0,60.0,72.0,4.0,26.0,55.0,54.9
2023-12-10,72.0,60.0,72.0,4.0,27.0,55.0,54.9
2023-12-11,72.0,60.0,72.0,4.0,28.0,55.0,54.9
2023-12-12,72.0,60.0,72.0,4.0,26.0,55.0,54.9
2023-12-13,72.0,60.0,72.0,4.0,27.0,55.0,54.9
2023-12-14,72.0,60.0,72.0,4.0,28.0,55.0,55.1
2023-12-15,72.0,60.0,72.0,4.0,26.0,55.0,55.0
2023-12-16,72.0,60.0,72.0,4.0,27.0,55.0,55.0
2023-12-17,72.0,60.0,72.0,4.0,28.0,55.0,55.0
2023-12-18,72.0,61.0,73.0,4.0,26.0,55.0,55.0
2023-12-19,72.0,61.0,73.0,4.0,27.0,55.0,55.1
2023-12-20,72.0,61.0,73.0,4.0,28.0,55.0,55.1
2023-12-21,72.0,61.0,73.0,4.0,26.0,55.0,55.0
2023-12-22,72.0,61.0,73.0,4.0,27.0,55.0,55.0
2023-12-23,72.0,61.0,73.0,4.0,28.0,55.0,55.0
2023-12-24,72.0,61.0,73.0,4.0,26.0,55.0,55.0
2023-12-25,72.0,61.0,73.0,4.0,27.0,55.0,55.0
2023-12-26,72.0,61.0,73.0,4.0,28.0,55.0,55.1
2023-12-27,72.0,61.0,73.0,4.0,26.0,55.0,55.1
2023-12-28,70.0,61.0,72.0,4.0,27.0,55.0,55.0
2023-12-29,70.0,60.0,72.0,4.0,28.0,55.0,55.0
2023-12-30,69.0,59.0,71.0,4.0,26.0,55.0,54.9
2023-12-31,69.0,59.0,71.0,4.0,27.0,55.0,54.9
2024-01-01,69.0,59.0,71.0,4.0,28.0,55.0,54.9
2024-01-02,69.0,59.0,71.0,4.0,26.0,55.0,54.9
2024-01-03,69.0,59.0,71.0,4.0,27.0,55.0,54.8
2024-01-04,69.0,59.0,71.0,4.0,28.0,55.0,54.8
2024-01-05,69.0,59.0,71.0,4.0,26.0,55.0,54.8
2024-01-06,69.0,59.0,71.0,4.0,27.0,55.0,54.8
2024-01-07,68.0,58.0,71.0,4.0,28.0,55.0,54.9
2024-01-08,68.0,58.0,71.0,4.0,26.0,55.0,54.9
2024-01-09,68.0,58.0,71.0,4.0,27.0,55.0,54.9
2024-01-10,68.0,58.0,71.0,4.0,28.0,55.0,55.0
2024-01-11,68.0,57.0,70.0,4.0,26.0,55.0,55.0
2024-01-12,66.0,57.0,70.0,4.0,27.0,55.0,55.0
2024-01-13,66.0,56.0,69.0,3.0,13.0,55.0,54.9
2024-01-14,66.0,57.0,70.0,4.0,18.0,55.0,55.0
2024-01-15,66.0,57.0,70.0,4.0,27.0,55.0,55.0
2024-01-16,66.0,58.0,70.0,4.0,28.0,55.0,55.0
2024-01-17,66.0,58.0,70.0,4.0,26.0,55.0,55.0
2024-01-18,66.0,57.0,70.0,4.0,27.0,55.0,55.0
2024-01-19,65.0,57.0,69.0,3.0,13.0,55.0,55.0
2024-01-20,65.0,57.0,69.0,3.0,11.0,55.0,55.0
2024-01-21,64.0,57.0,69.0,3.0,12.0,55.0,55.0
2024-01-22,64.0,57.0,69.0,3.0,13.0,55.0,55.0
2024-01-23,64.0,57.0,69.0,3.0,11.0,55.0,54.9
2024-01-24,63.0,56.0,69.0,3.0,12.0,55.0,54.9
2024-01-25,62.0,56.0,68.0,3.0,13.0,55.0,54.9
2024-01-26,62.0,57.0,69.0,3.0,11.0,55.0,55.0
2024-01-27,62.0,57.0,69.0,3.0,12.0,55.0,55.0
2024-01-28,62.0,57.0,69.0,3.0,13.0,55.0,54.8
2024-01-29,62.0,56.0,68.0,3.0,11.0,55.0,54.8
2024-01-30,61.0,56.0,68.0,3.0,12.0,55.0,54.8
2024-01-31,61.0,55.0,68.0,3.0,13.0,55.0,54.8
2024-02-01,61.0,55.0,68.0,3.0,11.0,55.0,54.8
2024-02-02,61.0,55.0,68.0,3.0,12.0,55.0,54.8
2024-02-03,61.0,55.0,68.0,3.0,13.0,55.0,54.8
2024-02-04,61.0,55.0,68.0,3.0,11.0,55.0,54.8
2024-02-05,60.0,55.0,67.0,3.0,12.0,55.0,54.8
2024-02-06,60.0,54.0,67.0,3.0,13.0,55.0,54.8
2024-02-07,60.0,54.0,67.0,3.0,11.0,55.0,54.8
2024-02-08,60.0,54.0,67.0,3.0,12.0,55.0,54.8
2024-02-09,60.0,54.0,67.0,3.0,13.0,55.0,54.7
2024-02-10,60.0,54.0,67.0,3.0,11.0,55.0,54.7
2024-02-11,60.0,55.0,67.0,3.0,12.0,55.0,54.7
2024-02-12,60.0,55.0,67.0,3.0,13.0,55.0,54.7
2024-02-13,60.0,55.0,67.0,3.0,11.0,55.0,54.7
2024-02-14,60.0,56.0,68.0,3.0,12.0,55.0,54.8
2024-02-15,60.0,56.0,68.0,3.0,13.0,55.0,54.8
2024-02-16,59.0,56.0,68.0,3.0,11.0,55.0,54.7
2024-02-17,59.0,56.0,68.0,3.0,12.0,55.0,54.7
2024-02-18,59.0,57.0,68.0,3.0,13.0,55.0,54.6
2024-02-19,59.0,57.0,68.0,3.0,11.0,55.0,54.6
2024-02-20,60.0,57.0,68.0,3.0,12.0,54.0,54.5
2024-02-21,60.0,57.0,68.0,3.0,13.0,54.0,54.5
2024-02-22,61.0,58.0,69.0,3.0,11.0,54.0,54.4
2024-02-23,60.0,58.0,69.0,3.0,12.0,54.0,54.4
2024-02-24,60.0,58.0,69.0,3.0,13.0,54.0,54.4
2024-02-25,60.0,60.0,70.0,4.0,18.0,54.0,54.3
2024-02-26,60.0,60.0,70.0,4.0,18.0,54.0,54.3
2024-02-27,61.0,60.0,70.0,4.0,19.0,54.0,54.3
2024-02-28,60.0,61.0,70.0,4.0,20.0,54.0,54.4
2024-02-29,60.0,62.0,71.0,4.0,19.0,54.0,54.4
2024-03-01,61.0,63.0,71.0,4.0,20.0,54.0,54.3
2024-03-02,61.0,63.0,71.0,4.0,19.0,54.0,54.3
2024-03-03,62.0,63.0,72.0,4.0,20.0,54.0,54.3
2024-03-04,62.0,63.0,72.0,4.0,19.0,54.0,54.3
2024-03-05,62.0,64.0,72.0,4.0,20.0,54.0,54.3
2024-03-06,62.0,64.0,72.0,4.0,19.0,54.0,54.3
2024-03-07,62.0,64.0,72.0,4.0,20.0,54.0,54.3
2024-03-08,62.0,64.0,72.0,4.0,19.0,54.0,54.3
2024-03-09,62.0,64.0,72.0,4.0,20.0,54.0,54.3
2024-03-10,62.0,64.0,72.0,4.0,19.0,54.0,54.3
2024-03-11,62.0,64.0,72.0,4.0,20.0,54.0,54.3
2024-03-12,62.0,64.0,72.0,4.0,19.0,54.0,54.3
2024-03-13,62.0,64.0,72.0,4.0,20.0,54.0,54.3
2024-03-14,62.0,64.0,72.0,4.0,20.0,54.0,54.3
2024-03-15,61.0,64.0,72.0,4.0,40.0,54.0,54.2
2024-03-16,61.0,64.0,72.0,4.0,41.0,54.0,54.2
2024-03-17,61.0,64.0,72.0,4.0,21.0,54.0,54.1
2024-03-18,61.0,65.0,72.0,4.0,22.0,54.0,54.1
2024-03-19,61.0,65.0,72.0,4.0,23.0,54.0,54.1
2024-03-20,61.0,66.0,73.0,4.0,40.0,54.0,54.1
2024-03-21,61.0,65.0,72.0,4.0,41.0,54.0,54.1
2024-03-22,61.0,66.0,73.0,4.0,21.0,54.0,54.1
2024-03-23,60.0,66.0,73.0,4.0,32.0,54.0,54.1
2024-03-24,61.0,66.0,73.0,4.0,23.0,54.0,54.0
2024-03-25,61.0,66.0,73.0,4.0,40.0,54.0,54.0
2024-03-26,61.0,67.0,73.0,4.0,35.0,54.0,54.0
2024-03-27,61.0,67.0,73.0,4.0,31.0,54.0,54.0
2024-03-28,61.0,67.0,73.0,4.0,32.0,54.0,53.9
2024-03-29,60.0,67.0,73.0,4.0,33.0,54.0,53.9
2024-03-30,60.0,68.0,73.0,4.0,34.0,54.0,53.9
2024-03-31,60.0,68.0,73.0,4.0,35.0,54.0,53.9
2024-04-01,60.0,68.0,73.0,4.0,31.0,54.0,53.9
2024-04-02,60.0,68.0,73.0,4.0,32.0,54.0,53.9
2024-04-03,60.0,68.0,73.0,4.0,33.0,54.0,54.0
2024-04-04,60.0,68.0,73.0,4.0,34.0,54.0,54.0
2024-04-05,60.0,68.0,73.0,4.0,35.0,54.0,54.0
2024-04-06,60.0,68.0,73.0,4.0,31.0,54.0,54.0
2024-04-07,59.0,69.0,74.0,4.0,32.0,54.0,54.1
2024-04-08,59.0,69.0,74.0,4.0,33.0,54.0,54.0
2024-04-09,59.0,69.0,74.0,4.0,34.0,54.0,54.0
2024-04-10,59.0,70.0,74.0,4.0,35.0,54.0,54.0
2024-04-11,59.0,70.0,74.0,4.0,32.0,54.0,53.9
2024-04-12,58.0,71.0,74.0,4.0,32.0,54.0,53.9
2024-04-13,58.0,71.0,74.0,4.0,33.0,54.0,53.9
2024-04-14,59.0,71.0,75.0,4.0,30.0,54.0,53.9
2024-04-15,59.0,71.0,75.0,4.0,29.0,54.0,53.9
2024-04-16,59.0,71.0,75.0,4.0,30.0,54.0,53.9
2024-04-17,59.0,72.0,75.0,4.0,29.0,54.0,53.9
2024-04-18,59.0,72.0,75.0,4.0,30.0,54.0,53.9
2024-04-19,59.0,72.0,75.0,4.0,29.0,54.0,53.9
2024-04-20,59.0,73.0,76.0,4.0,30.0,54.0,53.9
2024-04-21,59.0,73.0,76.0,4.0,29.0,54.0,53.9
2024-04-22,58.0,73.0,75.0,4.0,32.0,54.0,53.9
2024-04-23,58.0,73.0,75.0,4.0,33.0,54.0,53.9
2024-04-24,58.0,73.0,75.0,4.0,34.0,54.0,53.9
2024-04-25,58.0,73.0,75.0,4.0,35.0,54.0,53.9
2024-04-26,58.0,73.0,75.0,4.0,31.0,54.0,53.9
2024-04-27,58.0,74.0,76.0,4.0,29.0,54.0,53.9
2024-04-28,57.0,74.0,76.0,4.0,33.0,54.0,53.9
2024-04-29,57.0,75.0,76.0,4.0,34.0,54.0,53.9
2024-04-30,57.0,75.0,76.0,4.0,35.0,54.0,53.9
2024-05-01,57.0,75.0,76.0,4.0,31.0,54.0,53.9
2024-05-02,57.0,75.0,76.0,4.0,32.0,54.0,53.9
2024-05-03,57.0,75.0,76.0,4.0,33.0,54.0,53.9
2024-05-04,57.0,75.0,76.0,4.0,34.0,54.0,53.9
2024-05-05,56.0,75.0,76.0,4.0,35.0,54.0,53.9
2024-05-06,56.0,75.0,76.0,4.0,31.0,54.0,53.9
2024-05-07,56.0,75.0,76.0,4.0,32.0,54.0,53.9
2024-05-08,56.0,75.0,76.0,4.0,33.0,54.0,53.9
2024-05-09,55.0,74.0,75.0,4.0,34.0,54.0,53.7
2024-05-10,55.0,75.0,76.0,4.0,35.0,54.0,53.7
2024-05-11,61.0,75.0,77.0,4.0,29.0,53.0,53.4
2024-05-12,61.0,76.0,78.0,4.0,30.0,53.0,53.4
2024-05-13,61.0,76.0,78.0,4.0,29.0,53.0,53.4
2024-05-14,61.0,75.0,77.0,4.0,34.0,53.0,53.4
2024-05-15,61.0,75.0,77.0,4.0,35.0,54.0,53.6
2024-05-16,61.0,76.0,78.0,4.0,30.0,53.0,53.5
2024-05-17,61.0,76.0,78.0,4.0,29.0,53.0,53.4
2024-05-18,61.0,76.0,78.0,4.0,30.0,53.0,53.4
2024-05-19,61.0,76.0,78.0,4.0,29.0,54.0,53.5
2024-05-20,61.0,76.0,78.0,4.0,30.0,54.0,53.5
2024-05-21,61.0,76.0,78.0,4.0,29.0,54.0,53.5
2024-05-22,62.0,77.0,78.0,4.0,30.0,53.0,53.4
2024-05-23,62.0,77.0,78.0,4.0,29.0,53.0,53.4
2024-05-24,62.0,77.0,78.0,4.0,30.0,53.0,53.2
2024-05-25,62.0,77.0,78.0,4.0,35.0,53.0,53.2
2024-05-26,64.0,77.0,78.0,4.0,31.0,53.0,53.0
2024-05-27,64.0,77.0,78.0,4.0,32.0,53.0,53.0
2024-05-28,64.0,77.0,78.0,4.0,33.0,53.0,52.9
2024-05-29,64.0,77.0,78.0,4.0,34.0,53.0,52.9
2024-05-30,66.0,77.0,78.0,4.0,35.0,53.0,52.8
2024-05-31,66.0,77.0,78.0,4.0,31.0,53.0,52.8
2024-06-01,66.0,77.0,78.0,4.0,32.0,53.0,52.8
2024-06-02,66.0,77.0,78.0,4.0,33.0,53.0,52.8
2024-06-03,66.0,77.0,78.0,4.0,34.0,53.0,52.7
2024-06-04,66.0,77.0,78.0,4.0,35.0,53.0,52.7
2024-06-05,66.0,77.0,78.0,4.0,31.0,53.0,52.7
2024-06-06,66.0,77.0,78.0,4.0,32.0,53.0,52.7
2024-06-07,65.0,77.0,78.0,4.0,33.0,52.0,52.4
2024-06-08,69.0,79.0,80.0,4.0,29.0,52.0,51.6
2024-06-09,69.0,79.0,80.0,4.0,30.0,52.0,51.6
2024-06-10,69.0,79.0,80.0,4.0,29.0,52.0,51.6
2024-06-11,69.0,79.0,80.0,4.0,30.0,52.0,51.6
2024-06-12,69.0,79.0,80.0,4.0,29.0,52.0,51.6
2024-06-13,69.0,79.0,80.0,4.0,30.0,52.0,51.6
2024-06-14,69.0,79.0,80.0,4.0,29.0,52.0,51.6
2024-06-15,70.0,79.0,80.0,4.0,30.0,52.0,51.6
2024-06-16,70.0,79.0,80.0,4.0,29.0,52.0,51.6
2024-06-17,70.0,79.0,80.0,4.0,30.0,52.0,52.3
2024-06-18,70.0,79.0,80.0,4.0,29.0,52.0,52.3
2024-06-19,71.0,78.0,80.0,4.0,30.0,53.0,52.6
2024-06-20,71.0,78.0,80.0,4.0,29.0,53.0,52.5
2024-06-21,71.0,78.0,80.0,4.0,30.0,53.0,52.5
2024-06-22,71.0,78.0,80.0,4.0,29.0,53.0,52.5
2024-06-23,71.0,78.0,80.0,4.0,34.0,53.0,52.6
2024-06-24,71.0,78.0,80.0,4.0,35.0,53.0,52.5
2024-06-25,71.0,78.0,80.0,4.0,31.0,53.0,52.5
2024-06-26,71.0,78.0,80.0,4.0,32.0,53.0,52.7
2024-06-27,71.0,78.0,80.0,4.0,34.0,53.0,52.6
2024-06-28,71.0,79.0,80.0,4.0,34.0,53.0,52.6
2024-06-29,72.0,79.0,80.0,4.0,35.0,53.0,52.5
2024-06-30,72.0,79.0,80.0,4.0,31.0,53.0,52.5
2024-07-01,72.0,79.0,81.0,4.0,32.0,53.0,52.6
2024-07-02,72.0,79.0,81.0,4.0,33.0,53.0,52.6
2024-07-03,73.0,79.0,81.0,4.0,30.0,53.0,52.9
2024-07-04,73.0,79.0,81.0,4.0,35.0,53.0,52.9
2024-07-05,73.0,79.0,81.0,4.0,31.0,53.0,52.8
2024-07-06,73.0,79.0,81.0,4.0,32.0,53.0,52.8
2024-07-07,73.0,79.0,81.0,4.0,33.0,53.0,52.8
2024-07-08,73.0,79.0,81.0,4.0,34.0,53.0,52.6
2024-07-09,73.0,79.0,81.0,4.0,35.0,52.0,52.4
2024-07-10,74.0,79.0,81.0,4.0,21.0,52.0,52.4
2024-07-11,74.0,79.0,81.0,4.0,22.0,52.0,52.3
2024-07-12,74.0,79.0,81.0,4.0,23.0,52.0,52.3
2024-07-13,74.0,79.0,81.0,4.0,40.0,52.0,52.5
2024-07-14,74.0,79.0,81.0,4.0,41.0,52.0,52.3
2024-07-15,74.0,79.0,81.0,4.0,21.0,52.0,52.3
2024-07-16,74.0,79.0,81.0,4.0,22.0,52.0,52.3
2024-07-17,74.0,79.0,81.0,4.0,23.0,52.0,52.4
2024-07-18,74.0,79.0,81.0,4.0,40.0,52.0,52.4
2024-07-19,74.0,79.0,81.0,4.0,41.0,52.0,52.2
2024-07-20,74.0,79.0,80.0,4.0,21.0,52.0,52.0
2024-07-21,75.0,80.0,81.0,4.0,22.0,52.0,52.1
2024-07-22,75.0,80.0,81.0,4.0,23.0,52.0,52.1
2024-07-23,75.0,80.0,81.0,4.0,40.0,52.0,52.0
2024-07-24,75.0,80.0,81.0,4.0,41.0,52.0,52.0
2024-07-25,75.0,80.0,81.0,4.0,21.0,52.0,52.0
2024-07-26,75.0,80.0,81.0,4.0,22.0,52.0,51.9
2024-07-27,77.0,82.0,83.0,4.0,20.0,51.0,51.3
2024-07-28,77.0,82.0,83.0,4.0,19.0,52.0,51.7
2024-07-29,77.0,82.0,83.0,4.0,20.0,52.0,51.7
2024-07-30,77.0,82.0,83.0,4.0,19.0,52.0,51.7
2024-07-31,77.0,82.0,83.0,4.0,20.0,52.0,51.8
2024-08-01,77.0,82.0,83.0,4.0,19.0,52.0,51.8
2024-08-02,77.0,82.0,83.0,4.0,20.0,52.0,52.0
2024-08-03,77.0,82.0,83.0,4.0,19.0,52.0,52.0
2024-08-04,78.0,82.0,83.0,4.0,20.0,52.0,52.0
2024-08-05,78.0,82.0,83.0,4.0,19.0,52.0,52.0
2024-08-06,78.0,81.0,82.0,4.0,23.0,52.0,52.0
2024-08-07,78.0,81.0,83.0,4.0,19.0,52.0,52.4
2024-08-08,78.0,81.0,83.0,4.0,20.0,52.0,52.4
2024-08-09,78.0,81.0,82.0,4.0,21.0,52.0,52.1
2024-08-10,78.0,81.0,82.0,4.0,22.0,52.0,52.1
2024-08-11,77.0,81.0,82.0,4.0,23.0,52.0,52.1
2024-08-12,77.0,80.0,82.0,4.0,40.0,52.0,52.0
2024-08-13,77.0,80.0,82.0,4.0,41.0,52.0,52.0
2024-08-14,77.0,80.0,82.0,4.0,21.0,52.0,52.3
2024-08-15,77.0,80.0,82.0,4.0,22.0,52.0,52.3
2024-08-16,77.0,80.0,82.0,4.0,23.0,52.0,52.3
2024-08-17,77.0,80.0,82.0,4.0,40.0,52.0,52.2
2024-08-18,77.0,80.0,82.0,4.0,41.0,52.0,52.2
2024-08-19,77.0,79.0,81.0,4.0,21.0,52.0,52.2
2024-08-20,76.0,78.0,81.0,4.0,22.0,52.0,52.2
2024-08-21,76.0,78.0,81.0,4.0,23.0,53.0,53.1
2024-08-22,76.0,78.0,81.0,4.0,40.0,53.0,53.1
2024-08-23,76.0,78.0,81.0,4.0,41.0,53.0,53.2
2024-08-24,76.0,78.0,81.0,4.0,21.0,53.0,53.2
2024-08-25,76.0,78.0,81.0,4.0,22.0,53.0,53.1
2024-08-26,75.0,78.0,81.0,4.0,23.0,53.0,53.1
2024-08-27,76.0,78.0,81.0,4.0,40.0,53.0,53.1
2024-08-28,75.0,78.0,81.0,4.0,41.0,53.0,53.1
2024-08-29,76.0,78.0,81.0,4.0,21.0,53.0,52.8
2024-08-30,75.0,78.0,81.0,4.0,22.0,53.0,52.8
2024-08-31,75.0,78.0,81.0,4.0,23.0,53.0,52.7
2024-09-01,75.0,78.0,81.0,4.0,40.0,53.0,52.7
2024-09-02,75.0,78.0,81.0,4.0,41.0,53.0,52.6
2024-09-03,75.0,78.0,81.0,4.0,21.0,53.0,52.7
2024-09-04,75.0,78.0,81.0,4.0,22.0,53.0,52.8
2024-09-05,75.0,78.0,81.0,4.0,23.0,53.0,52.9
2024-09-06,75.0,78.0,81.0,4.0,40.0,53.0,52.9
2024-09-07,75.0,78.0,81.0,4.0,41.0,53.0,52.7
2024-09-08,75.0,78.0,81.0,4.0,21.0,53.0,52.7
2024-09-09,75.0,77.0,81.0,4.0,22.0,53.0,52.7
2024-09-10,75.0,77.0,81.0,4.0,23.0,53.0,52.9
2024-09-11,75.0,77.0,81.0,4.0,40.0,53.0,52.9
2024-09-12,75.0,77.0,81.0,4.0,41.0,53.0,53.2
2024-09-13,75.0,76.0,80.0,4.0,21.0,53.0,53.2
2024-09-14,75.0,77.0,81.0,4.0,22.0,53.0,53.2
2024-09-15,75.0,77.0,81.0,4.0,23.0,53.0,53.1
2024-09-16,74.0,77.0,81.0,4.0,40.0,53.0,53.4
2024-09-17,74.0,77.0,81.0,4.0,41.0,53.0,53.4
2024-09-18,74.0,77.0,81.0,4.0,21.0,53.0,53.3
2024-09-19,74.0,77.0,81.0,4.0,22.0,53.0,53.2
2024-09-20,74.0,77.0,81.0,4.0,23.0,53.0,53.2
2024-09-21,74.0,77.0,81.0,4.0,40.0,53.0,53.2
2024-09-22,74.0,77.0,81.0,4.0,41.0,53.0,53.5
2024-09-23,74.0,77.0,81.0,4.0,21.0,53.0,53.5
2024-09-24,74.0,77.0,81.0,4.0,22.0,54.0,53.6
2024-09-25,74.0,77.0,81.0,4.0,23.0,54.0,53.6
2024-09-26,74.0,77.0,81.0,4.0,40.0,53.0,53.4
2024-09-27,74.0,77.0,81.0,4.0,41.0,53.0,53.4
2024-09-28,74.0,77.0,81.0,4.0,21.0,53.0,53.4
2024-09-29,74.0,77.0,81.0,4.0,22.0,53.0,53.5
2024-09-30,74.0,77.0,81.0,4.0,23.0,54.0,53.7
2024-10-01,74.0,77.0,81.0,4.0,40.0,54.0,53.7
2024-10-02,74.0,77.0,81.0,4.0,41.0,54.0,53.7
2024-10-03,74.0,77.0,81.0,4.0,21.0,54.0,53.7
2024-10-04,74.0,77.0,81.0,4.0,22.0,54.0,53.7
2024-10-05,72.0,77.0,81.0,4.0,23.0,54.0,53.7
2024-10-06,72.0,77.0,81.0,4.0,40.0,54.0,54.3
2024-10-07,72.0,77.0,81.0,4.0,41.0,54.0,54.3
2024-10-08,72.0,76.0,80.0,4.0,21.0,54.0,54.3
2024-10-09,71.0,76.0,80.0,4.0,22.0,54.0,54.3
2024-10-10,71.0,76.0,80.0,4.0,23.0,54.0,54.3
2024-10-11,71.0,75.0,80.0,4.0,40.0,54.0,54.3
2024-10-12,70.0,75.0,79.0,4.0,41.0,54.0,54.3
2024-10-13,70.0,75.0,79.0,4.0,21.0,54.0,54.3
2024-10-14,70.0,74.0,79.0,4.0,22.0,54.0,54.3
2024-10-15,68.0,74.0,79.0,4.0,33.0,54.0,54.3
2024-10-16,68.0,74.0,79.0,4.0,34.0,54.0,54.3
2024-10-17,67.0,74.0,78.0,4.0,35.0,55.0,54.6
2024-10-18,67.0,73.0,78.0,4.0,31.0,55.0,54.6
2024-10-19,67.0,73.0,78.0,4.0,32.0,55.0,54.6
2024-10-20,66.0,73.0,78.0,4.0,33.0,54.0,54.3
2024-10-21,65.0,72.0,77.0,4.0,34.0,54.0,54.3
2024-10-22,65.0,72.0,77.0,4.0,35.0,54.0,54.3
2024-10-23,64.0,72.0,77.0,4.0,31.0,54.0,54.3
2024-10-24,65.0,72.0,77.0,4.0,32.0,54.0,54.3
2024-10-25,65.0,71.0,76.0,4.0,33.0,54.0,54.3
2024-10-26,64.0,71.0,76.0,4.0,34.0,54.0,54.3
2024-10-27,64.0,70.0,76.0,4.0,35.0,55.0,54.7
2024-10-28,63.0,70.0,76.0,4.0,31.0,55.0,55.0
2024-10-29,62.0,69.0,75.0,4.0,32.0,55.0,55.0
2024-10-30,62.0,69.0,75.0,4.0,33.0,55.0,55.0
2024-10-31,61.0,68.0,74.0,4.0,34.0,55.0,55.0
2024-11-01,60.0,68.0,75.0,4.0,35.0,55.0,55.5
2024-11-02,60.0,68.0,75.0,4.0,31.0,55.0,55.5
2024-11-03,58.0,68.0,74.0,4.0,32.0,55.0,55.3
2024-11-04,58.0,68.0,74.0,4.0,33.0,55.0,55.3
2024-11-05,58.0,67.0,73.0,4.0,34.0,55.0,55.3
2024-11-06,57.0,66.0,73.0,4.0,35.0,55.0,55.3
2024-11-07,57.0,65.0,72.0,4.0,31.0,56.0,55.6
2024-11-08,55.0,65.0,72.0,4.0,32.0,56.0,55.7
2024-11-09,56.0,64.0,71.0,4.0,33.0,55.0,55.4
2024-11-10,55.0,64.0,71.0,4.0,34.0,55.0,55.4
2024-11-11,55.0,64.0,71.0,4.0,35.0,55.0,55.4
2024-11-12,55.0,63.0,71.0,4.0,31.0,55.0,55.4
2024-11-13,55.0,63.0,71.0,4.0,32.0,55.0,55.4
2024-11-14,54.0,63.0,71.0,4.0,33.0,55.0,55.3
2024-11-15,54.0,62.0,70.0,4.0,34.0,55.0,55.3
2024-11-16,54.0,62.0,70.0,4.0,35.0,55.0,55.1
2024-11-17,52.0,61.0,69.0,3.0,13.0,55.0,55.1
2024-11-18,53.0,60.0,69.0,3.0,11.0,55.0,54.6
2024-11-19,53.0,60.0,69.0,3.0,12.0,55.0,54.6
2024-11-20,52.0,59.0,68.0,3.0,13.0,55.0,54.6
2024-11-21,53.0,60.0,69.0,3.0,11.0,54.0,54.5
2024-11-22,53.0,60.0,69.0,3.0,12.0,54.0,54.5
2024-11-23,53.0,59.0,68.0,3.0,13.0,54.0,54.2
2024-11-24,52.0,59.0,68.0,3.0,11.0,54.0,54.2
2024-11-25,53.0,59.0,68.0,3.0,12.0,54.0,54.3
2024-11-26,52.0,59.0,68.0,3.0,13.0,54.0,54.3
2024-11-27,52.0,59.0,68.0,3.0,11.0,54.0,54.3
2024-11-28,54.0,59.0,68.0,3.0,12.0,54.0,54.0
2024-11-29,54.0,59.0,68.0,3.0,13.0,54.0,54.1
2024-11-30,54.0,59.0,68.0,3.0,11.0,54.0,54.1
2024-12-01,54.0,59.0,68.0,3.0,12.0,54.0,54.1
2024-12-02,52.0,59.0,68.0,3.0,13.0,54.0,54.1
2024-12-03,54.0,59.0,68.0,3.0,11.0,54.0,54.1
2024-12-04,52.0,59.0,68.0,3.0,12.0,54.0,54.1
2024-12-05,52.0,59.0,68.0,3.0,13.0,54.0,54.1
2024-12-06,52.0,58.0,67.0,3.0,11.0,54.0,54.1
2024-12-07,52.0,57.0,66.0,3.0,12.0,54.0,53.6
2024-12-08,52.0,57.0,66.0,3.0,13.0,54.0,53.6
2024-12-09,51.0,56.0,66.0,3.0,11.0,53.0,53.2
2024-12-10,51.0,56.0,66.0,3.0,12.0,53.0,53.2
2024-12-11,50.0,54.0,64.0,3.0,13.0,53.0,53.2
2024-12-12,50.0,54.0,64.0,3.0,11.0,53.0,53.2
2024-12-13,50.0,53.0,64.0,3.0,12.0,53.0,53.2
2024-12-14,50.0,53.0,64.0,3.0,13.0,53.0,53.2
2024-12-15,50.0,52.0,63.0,3.0,11.0,53.0,53.2
2024-12-16,50.0,52.0,63.0,3.0,12.0,53.0,53.2
2024-12-17,49.0,52.0,63.0,3.0,13.0,53.0,53.2
2024-12-18,49.0,51.0,63.0,3.0,11.0,53.0,53.2
2024-12-19,48.0,51.0,62.0,3.0,12.0,53.0,53.2
2024-12-20,47.0,50.0,62.0,3.0,13.0,53.0,53.2
2024-12-21,47.0,49.0,61.0,3.0,11.0,53.0,53.2
2024-12-22,46.0,48.0,61.0,3.0,12.0,53.0,53.2
2024-12-23,45.0,46.0,58.0,3.0,13.0,52.0,52.0
2024-12-24,45.0,46.0,58.0,3.0,11.0,52.0,52.0
2024-12-25,44.0,45.0,57.0,3.0,12.0,51.0,51.3
2024-12-26,43.0,44.0,57.0,3.0,13.0,51.0,51.3
2024-12-27,42.0,43.0,56.0,3.0,11.0,51.0,51.3
2024-12-28,41.0,42.0,55.0,3.0,12.0,51.0,51.3
2024-12-29,42.0,43.0,55.0,3.0,13.0,51.0,50.8
2024-12-30,41.0,42.0,55.0,3.0,11.0,51.0,50.8
2024-12-31,41.0,41.0,54.0,3.0,12.0,51.0,50.6
2025-01-01,41.0,41.0,54.0,3.0,13.0,51.0,50.6
2025-01-02,41.0,40.0,54.0,3.0,11.0,51.0,50.6
2025-01-03,42.0,40.0,54.0,3.0,12.0,51.0,50.5
2025-01-04,41.0,40.0,53.0,3.0,13.0,51.0,50.5
2025-01-05,41.0,40.0,53.0,3.0,11.0,51.0,50.5
2025-01-06,41.0,40.0,53.0,3.0,12.0,51.0,50.5
2025-01-07,42.0,39.0,53.0,3.0,13.0,50.0,50.4
2025-01-08,42.0,39.0,53.0,3.0,11.0,50.0,50.4
2025-01-09,41.0,39.0,53.0,3.0,12.0,51.0,50.6
2025-01-10,42.0,39.0,53.0,3.0,13.0,51.0,50.6
2025-01-11,41.0,39.0,53.0,3.0,11.0,51.0,50.6
2025-01-12,41.0,39.0,53.0,3.0,12.0,51.0,50.6
2025-01-13,41.0,39.0,53.0,3.0,13.0,51.0,50.6
2025-01-14,41.0,39.0,53.0,3.0,11.0,50.0,50.4
2025-01-15,41.0,39.0,53.0,3.0,12.0,50.0,50.4
2025-01-16,41.0,40.0,53.0,3.0,13.0,50.0,50.4
2025-01-17,41.0,40.0,53.0,3.0,11.0,50.0,50.4
2025-01-18,42.0,40.0,54.0,3.0,12.0,50.0,50.2
2025-01-19,43.0,41.0,54.0,3.0,13.0,50.0,50.2
2025-01-20,43.0,41.0,54.0,3.0,11.0,50.0,50.2
2025-01-21,43.0,41.0,54.0,3.0,12.0,50.0,50.2
2025-01-22,43.0,41.0,54.0,3.0,13.0,50.0,50.2
2025-01-23,43.0,41.0,54.0,3.0,11.0,50.0,50.2
2025-01-24,45.0,41.0,54.0,3.0,12.0,50.0,50.1
2025-01-25,44.0,41.0,54.0,3.0,13.0,50.0,50.1
2025-01-26,46.0,42.0,55.0,3.0,11.0,50.0,50.1
2025-01-27,46.0,42.0,55.0,3.0,12.0,50.0,50.1
2025-01-28,47.0,42.0,55.0,3.0,13.0,50.0,50.1
2025-01-29,47.0,42.0,55.0,3.0,11.0,50.0,50.1
2025-01-30,49.0,44.0,57.0,3.0,12.0,50.0,50.1
2025-01-31,49.0,44.0,57.0,3.0,13.0,50.0,50.1
2025-02-01,49.0,44.0,57.0,3.0,11.0,50.0,50.1
2025-02-02,51.0,45.0,58.0,3.0,12.0,50.0,50.3
2025-02-03,51.0,46.0,58.0,3.0,13.0,50.0,50.3
2025-02-04,51.0,46.0,58.0,3.0,11.0,50.0,50.3
2025-02-05,52.0,47.0,59.0,3.0,12.0,50.0,50.4
2025-02-06,51.0,46.0,58.0,3.0,13.0,50.0,50.4
2025-02-07,51.0,46.0,58.0,3.0,11.0,50.0,50.4
2025-02-08,51.0,46.0,58.0,3.0,12.0,50.0,50.4
2025-02-09,52.0,47.0,59.0,3.0,13.0,50.0,50.4
2025-02-10,52.0,47.0,59.0,3.0,11.0,50.0,50.4
2025-02-11,51.0,46.0,58.0,3.0,12.0,50.0,50.4
2025-02-12,53.0,46.0,59.0,3.0,13.0,50.0,50.4
2025-02-13,53.0,46.0,59.0,3.0,11.0,50.0,50.4
2025-02-14,54.0,46.0,59.0,3.0,12.0,50.0,50.5
2025-02-15,54.0,46.0,59.0,3.0,13.0,50.0,50.5
2025-02-16,55.0,46.0,59.0,3.0,11.0,50.0,50.4
2025-02-17,55.0,47.0,60.0,3.0,12.0,50.0,50.4
2025-02-18,55.0,47.0,60.0,3.0,13.0,50.0,50.4
2025-02-19,56.0,47.0,60.0,3.0,11.0,51.0,50.5
2025-02-20,55.0,47.0,60.0,3.0,12.0,51.0,50.5
2025-02-21,56.0,47.0,60.0,3.0,13.0,51.0,50.5
2025-02-22,56.0,47.0,60.0,3.0,11.0,51.0,50.5
2025-02-23,57.0,47.0,60.0,3.0,12.0,51.0,50.6
2025-02-24,57.0,47.0,60.0,3.0,13.0,51.0,50.6
2025-02-25,59.0,48.0,61.0,3.0,11.0,51.0,50.7
2025-02-26,59.0,50.0,62.0,3.0,12.0,51.0,50.6
2025-02-27,60.0,52.0,64.0,3.0,13.0,51.0,50.7
2025-02-28,60.0,52.0,64.0,3.0,11.0,51.0,50.7
2025-03-01,60.0,53.0,64.0,3.0,12.0,51.0,50.7
2025-03-02,60.0,53.0,64.0,3.0,13.0,51.0,50.7
2025-03-03,60.0,53.0,64.0,3.0,11.0,51.0,50.7
2025-03-04,60.0,53.0,64.0,3.0,12.0,51.0,50.7
2025-03-05,60.0,53.0,64.0,3.0,13.0,51.0,50.7
2025-03-06,60.0,53.0,64.0,3.0,11.0,51.0,50.7
2025-03-07,60.0,54.0,65.0,3.0,12.0,51.0,50.8
2025-03-08,64.0,67.0,72.0,4.0,18.0,51.0,50.9
2025-03-09,64.0,67.0,72.0,4.0,19.0,51.0,50.9
2025-03-10,64.0,67.0,72.0,4.0,20.0,51.0,50.9
2025-03-11,64.0,67.0,72.0,4.0,19.0,51.0,50.9
2025-03-12,64.0,67.0,72.0,4.0,20.0,51.0,50.9
2025-03-13,64.0,67.0,72.0,4.0,19.0,51.0,50.8
2025-03-14,64.0,67.0,72.0,4.0,20.0,51.0,50.8
2025-03-15,65.0,67.0,72.0,4.0,19.0,51.0,50.9
2025-03-16,65.0,67.0,72.0,4.0,20.0,51.0,50.9
2025-03-17,65.0,68.0,73.0,4.0,19.0,51.0,51.1
2025-03-18,65.0,68.0,73.0,4.0,20.0,51.0,51.1
2025-03-19,66.0,68.0,73.0,4.0,19.0,51.0,50.9
2025-03-20,66.0,68.0,73.0,4.0,20.0,51.0,50.9
2025-03-21,67.0,68.0,74.0,4.0,19.0,51.0,51.5
2025-03-22,67.0,68.0,74.0,4.0,20.0,51.0,51.5
2025-03-23,67.0,68.0,74.0,4.0,19.0,52.0,51.6
2025-03-24,67.0,69.0,74.0,4.0,20.0,52.0,51.6
2025-03-25,68.0,70.0,75.0,4.0,19.0,52.0,52.2
2025-03-26,69.0,71.0,76.0,4.0,20.0,52.0,52.5
2025-03-27,69.0,71.0,76.0,4.0,19.0,52.0,52.5
2025-03-28,69.0,71.0,76.0,4.0,20.0,52.0,52.5
2025-03-29,69.0,71.0,76.0,4.0,19.0,52.0,52.5
2025-03-30,69.0,72.0,77.0,4.0,20.0,53.0,52.9
2025-03-31,69.0,72.0,77.0,4.0,19.0,53.0,53.2
2025-04-01,69.0,72.0,77.0,4.0,20.0,53.0,53.2
2025-04-02,70.0,73.0,78.0,4.0,19.0,54.0,53.5
2025-04-03,70.0,74.0,79.0,4.0,20.0,54.0,53.6
2025-04-04,70.0,74.0,79.0,4.0,19.0,54.0,53.8
2025-04-05,70.0,74.0,79.0,4.0,20.0,54.0,53.8
2025-04-06,70.0,74.0,79.0,4.0,19.0,54.0,53.8
2025-04-07,70.0,74.0,79.0,4.0,20.0,54.0,54.1
2025-04-08,70.0,74.0,79.0,4.0,19.0,54.0,54.1
2025-04-09,71.0,75.0,80.0,4.0,20.0,54.0,54.3
2025-04-10,72.0,76.0,80.0,4.0,19.0,54.0,54.3
2025-04-11,73.0,77.0,81.0,4.0,20.0,54.0,54.4
2025-04-12,72.0,77.0,81.0,4.0,19.0,54.0,54.4
2025-04-13,72.0,77.0,81.0,4.0,20.0,54.0,54.4
2025-04-14,73.0,77.0,81.0,4.0,19.0,55.0,54.5
2025-04-15,72.0,77.0,81.0,4.0,20.0,55.0,54.5
2025-04-16,73.0,77.0,81.0,4.0,19.0,55.0,54.6
2025-04-17,73.0,77.0,81.0,4.0,20.0,55.0,54.6
2025-04-18,74.0,78.0,82.0,4.0,19.0,55.0,54.6
2025-04-19,74.0,78.0,82.0,4.0,20.0,55.0,54.6
2025-04-20,74.0,78.0,82.0,4.0,19.0,55.0,54.6
2025-04-21,74.0,79.0,82.0,4.0,20.0,55.0,54.6
2025-04-22,74.0,79.0,82.0,4.0,19.0,55.0,54.6
2025-04-23,74.0,79.0,82.0,4.0,20.0,55.0,54.6
2025-04-24,74.0,79.0,82.0,4.0,19.0,55.0,54.6
2025-04-25,74.0,79.0,82.0,4.0,20.0,55.0,54.6
2025-04-26,74.0,79.0,82.0,4.0,21.0,55.0,54.6
2025-04-27,74.0,80.0,83.0,4.0,30.0,55.0,54.6
2025-04-28,74.0,80.0,83.0,4.0,29.0,55.0,54.5
2025-04-29,74.0,80.0,83.0,4.0,30.0,55.0,54.5
2025-04-30,74.0,80.0,83.0,4.0,29.0,55.0,54.6
2025-05-01,74.0,80.0,83.0,4.0,30.0,55.0,54.6
2025-05-02,74.0,80.0,83.0,4.0,29.0,55.0,54.7
2025-05-03,74.0,80.0,83.0,4.0,33.0,55.0,54.7
2025-05-04,74.0,80.0,83.0,4.0,34.0,54.0,54.4
2025-05-05,74.0,80.0,83.0,4.0,35.0,55.0,54.5
2025-05-06,74.0,80.0,83.0,4.0,31.0,55.0,54.5
2025-05-07,74.0,81.0,83.0,4.0,32.0,54.0,54.4
2025-05-08,74.0,81.0,83.0,4.0,33.0,54.0,54.4
2025-05-09,74.0,81.0,83.0,4.0,34.0,54.0,54.4
2025-05-10,74.0,82.0,83.0,4.0,35.0,54.0,54.1
2025-05-11,74.0,82.0,83.0,4.0,31.0,54.0,54.1
2025-05-12,74.0,82.0,83.0,4.0,32.0,54.0,54.1
2025-05-13,74.0,82.0,83.0,4.0,33.0,54.0,53.9
2025-05-14,73.0,82.0,83.0,4.0,34.0,54.0,53.7
2025-05-15,73.0,82.0,83.0,4.0,35.0,54.0,53.6
2025-05-16,73.0,82.0,83.0,4.0,31.0,54.0,53.6
2025-05-17,73.0,82.0,84.0,4.0,32.0,54.0,54.5
2025-05-18,73.0,82.0,84.0,4.0,33.0,54.0,54.3
2025-05-19,73.0,82.0,83.0,4.0,34.0,54.0,54.1
2025-05-20,73.0,82.0,83.0,4.0,35.0,54.0,54.1
2025-05-21,73.0,82.0,83.0,4.0,31.0,54.0,53.8
2025-05-22,73.0,83.0,83.0,4.0,32.0,54.0,53.6
2025-05-23,73.0,85.0,84.0,4.0,33.0,53.0,53.5
2025-05-24,73.0,85.0,84.0,4.0,34.0,53.0,53.5
2025-05-25,73.0,85.0,84.0,4.0,35.0,53.0,53.3
2025-05-26,73.0,85.0,84.0,4.0,31.0,53.0,53.3
2025-05-27,73.0,85.0,84.0,4.0,32.0,53.0,53.3
2025-05-28,73.0,85.0,84.0,4.0,33.0,53.0,53.1
2025-05-29,73.0,85.0,84.0,4.0,34.0,53.0,53.1
2025-05-30,73.0,85.0,84.0,4.0,35.0,53.0,52.9
2025-05-31,74.0,87.0,85.0,5.0,17.0,51.0,50.6
2025-06-01,75.0,87.0,86.0,5.0,29.0,51.0,50.6
2025-06-02,75.0,87.0,86.0,5.0,30.0,52.0,52.0
2025-06-03,74.0,87.0,85.0,5.0,29.0,52.0,52.0
2025-06-04,75.0,87.0,86.0,5.0,30.0,52.0,52.5
2025-06-05,75.0,87.0,86.0,5.0,29.0,53.0,52.7
2025-06-06,75.0,87.0,86.0,5.0,30.0,53.0,52.6
2025-06-07,74.0,87.0,85.0,5.0,33.0,53.0,52.6
2025-06-08,74.0,87.0,85.0,5.0,34.0,53.0,52.5
2025-06-09,74.0,87.0,85.0,5.0,35.0,53.0,52.5
2025-06-10,74.0,87.0,85.0,5.0,31.0,53.0,52.5
2025-06-11,75.0,87.0,85.0,5.0,32.0,52.0,52.4
2025-06-12,75.0,87.0,85.0,5.0,33.0,52.0,52.4
2025-06-13,75.0,87.0,85.0,5.0,34.0,52.0,52.5
2025-06-14,75.0,87.0,85.0,5.0,35.0,52.0,52.5
2025-06-15,75.0,87.0,86.0,5.0,31.0,53.0,52.7
2025-06-16,75.0,87.0,86.0,5.0,32.0,53.0,52.7
2025-06-17,75.0,87.0,86.0,5.0,33.0,53.0,52.7
2025-06-18,75.0,87.0,85.0,5.0,34.0,53.0,52.5
2025-06-19,75.0,87.0,85.0,5.0,35.0,52.0,52.5
2025-06-20,75.0,87.0,85.0,5.0,31.0,52.0,52.4
2025-06-21,76.0,89.0,86.0,5.0,32.0,52.0,52.4
2025-06-22,76.0,89.0,86.0,5.0,33.0,52.0,52.4
2025-06-23,76.0,89.0,86.0,5.0,34.0,52.0,52.4
2025-06-24,76.0,89.0,86.0,5.0,35.0,52.0,52.4
2025-06-25,76.0,89.0,86.0,5.0,31.0,52.0,52.2
2025-06-26,76.0,89.0,86.0,5.0,32.0,52.0,52.2
2025-06-27,76.0,89.0,86.0,5.0,33.0,52.0,52.2
2025-06-28,77.0,90.0,87.0,5.0,30.0,54.0,54.1
2025-06-29,78.0,90.0,87.0,5.0,35.0,54.0,54.1
2025-06-30,78.0,90.0,87.0,5.0,31.0,53.0,53.0
2025-07-01,78.0,90.0,87.0,5.0,32.0,53.0,53.0
2025-07-02,78.0,90.0,87.0,5.0,30.0,53.0,52.6
2025-07-03,78.0,90.0,87.0,5.0,29.0,53.0,52.6
2025-07-04,78.0,90.0,87.0,5.0,30.0,53.0,52.6
2025-07-05,77.0,90.0,87.0,5.0,29.0,53.0,52.6
2025-07-06,77.0,89.0,87.0,5.0,32.0,53.0,52.6
2025-07-07,77.0,90.0,87.0,5.0,33.0,53.0,52.6
2025-07-08,77.0,89.0,87.0,5.0,34.0,53.0,52.6
2025-07-09,77.0,89.0,87.0,5.0,35.0,53.0,52.6
2025-07-10,77.0,89.0,87.0,5.0,31.0,53.0,52.6
2025-07-11,77.0,89.0,87.0,5.0,32.0,53.0,52.6
2025-07-12,77.0,89.0,87.0,5.0,33.0,53.0,52.6
2025-07-13,77.0,89.0,87.0,5.0,34.0,53.0,52.6
2025-07-14,77.0,89.0,87.0,5.0,35.0,52.0,52.4
2025-07-15,77.0,89.0,87.0,5.0,31.0,52.0,52.4
2025-07-16,76.0,89.0,86.0,5.0,32.0,52.0,52.2
2025-07-17,76.0,89.0,86.0,5.0,33.0,52.0,52.2
2025-07-18,76.0,89.0,86.0,5.0,34.0,52.0,52.2
2025-07-19,76.0,88.0,86.0,5.0,35.0,52.0,52.2
2025-07-20,76.0,88.0,86.0,5.0,31.0,52.0,52.2
2025-07-21,76.0,88.0,86.0,5.0,32.0,52.0,52.2
2025-07-22,76.0,88.0,86.0,5.0,33.0,52.0,52.2
2025-07-23,76.0,88.0,86.0,5.0,34.0,52.0,52.3
2025-07-24,75.0,87.0,85.0,5.0,35.0,52.0,52.2
2025-07-25,75.0,87.0,85.0,5.0,31.0,52.0,52.2
2025-07-26,74.0,87.0,85.0,5.0,32.0,52.0,52.2
2025-07-27,75.0,86.0,84.0,4.0,33.0,50.0,50.1
2025-07-28,74.0,86.0,84.0,4.0,34.0,51.0,51.3
2025-07-29,75.0,87.0,85.0,5.0,35.0,51.0,51.3
2025-07-30,75.0,87.0,85.0,5.0,31.0,51.0,51.3
2025-07-31,75.0,86.0,84.0,4.0,32.0,51.0,51.1
2025-08-01,75.0,87.0,85.0,5.0,33.0,51.0,51.1
2025-08-02,75.0,86.0,84.0,4.0,34.0,51.0,51.1
2025-08-03,75.0,87.0,85.0,5.0,17.0,52.0,51.6
2025-08-04,75.0,87.0,85.0,5.0,31.0,52.0,51.6
2025-08-05,75.0,87.0,85.0,5.0,32.0,52.0,51.6
2025-08-06,75.0,87.0,85.0,5.0,33.0,52.0,51.6
2025-08-07,75.0,87.0,85.0,5.0,34.0,52.0,51.6
2025-08-08,75.0,87.0,85.0,5.0,35.0,52.0,51.5
2025-08-09,75.0,87.0,85.0,5.0,31.0,52.0,51.5
2025-08-10,75.0,87.0,85.0,5.0,32.0,52.0,51.6
2025-08-11,75.0,87.0,85.0,5.0,33.0,52.0,51.5
2025-08-12,75.0,87.0,85.0,5.0,34.0,52.0,51.5
2025-08-13,75.0,87.0,85.0,5.0,35.0,51.0,51.5
2025-08-14,75.0,87.0,85.0,5.0,31.0,51.0,51.4
2025-08-15,75.0,87.0,85.0,5.0,32.0,51.0,51.4
2025-08-16,75.0,87.0,85.0,5.0,33.0,51.0,51.4
2025-08-17,75.0,87.0,85.0,5.0,34.0,52.0,51.6
2025-08-18,75.0,87.0,85.0,5.0,35.0,52.0,51.6
2025-08-19,75.0,87.0,85.0,5.0,31.0,52.0,51.6
2025-08-20,75.0,87.0,85.0,5.0,32.0,52.0,51.7
2025-08-21,75.0,86.0,84.0,4.0,33.0,52.0,51.7
2025-08-22,75.0,86.0,84.0,4.0,34.0,52.0,51.6
2025-08-23,75.0,86.0,84.0,4.0,35.0,52.0,51.6
2025-08-24,75.0,86.0,84.0,4.0,32.0,52.0,51.8
2025-08-25,75.0,86.0,84.0,4.0,32.0,52.0,51.7
2025-08-26,75.0,86.0,84.0,4.0,33.0,52.0,51.7
2025-08-27,75.0,86.0,84.0,4.0,34.0,52.0,51.8
2025-08-28,75.0,86.0,85.0,5.0,35.0,52.0,51.8
2025-08-29,75.0,86.0,85.0,5.0,31.0,52.0,51.8
2025-08-30,75.0,86.0,84.0,4.0,32.0,51.0,51.2
2025-08-31,76.0,86.0,85.0,5.0,33.0,51.0,51.2
2025-09-01,76.0,86.0,85.0,5.0,34.0,51.0,51.2
2025-09-02,75.0,86.0,84.0,4.0,35.0,51.0,51.2
2025-09-03,75.0,85.0,84.0,4.0,31.0,52.0,51.8
2025-09-04,75.0,85.0,84.0,4.0,32.0,52.0,52.0
2025-09-05,75.0,85.0,84.0,4.0,33.0,52.0,52.0
2025-09-06,75.0,85.0,84.0,4.0,34.0,52.0,52.0
2025-09-07,75.0,85.0,84.0,4.0,35.0,52.0,52.0
2025-09-08,75.0,85.0,84.0,4.0,31.0,52.0,52.0
2025-09-09,74.0,85.0,84.0,4.0,32.0,52.0,52.0
2025-09-10,75.0,85.0,84.0,4.0,33.0,52.0,51.8
2025-09-11,74.0,85.0,84.0,4.0,34.0,52.0,51.8
2025-09-12,74.0,85.0,84.0,4.0,35.0,52.0,51.8
2025-09-13,75.0,85.0,84.0,4.0,31.0,52.0,52.2
2025-09-14,75.0,85.0,84.0,4.0,32.0,52.0,52.2
2025-09-15,75.0,84.0,83.0,4.0,33.0,52.0,51.8
2025-09-16,75.0,84.0,83.0,4.0,34.0,52.0,51.8
2025-09-17,75.0,84.0,83.0,4.0,35.0,52.0,51.8
