date,sleepTimeSeconds,napTimeSeconds,deepSleepSeconds,lightSleepSeconds,remSleepSeconds,awakeSleepSeconds,avgRespirationValue,avgSpO2
2021-07-07,,,,,,,,
2021-07-08,,,,,,,,
2021-07-09,,,,,,,,
2021-07-10,,,,,,,,
2021-07-11,,,,,,,,
2021-07-12,,,,,,,,
2021-07-13,,,,,,,,
2021-07-14,,,,,,,,
2021-07-15,,,,,,,,
2021-07-16,,,,,,,,
2021-07-17,,,,,,,,
2021-07-18,,,,,,,,
2021-07-19,,,,,,,,
2021-07-20,,,,,,,,
2021-07-21,,,,,,,,
2021-07-22,,,,,,,,
2021-07-23,,,,,,,,
2021-07-24,,,,,,,,
2021-07-25,,,,,,,,
2021-07-26,,,,,,,,
2021-07-27,,,,,,,,
2021-07-28,,,,,,,,
2021-07-29,,,,,,,,
2021-07-30,,,,,,,,
2021-07-31,,,,,,,,
2021-08-01,,,,,,,,
2021-08-02,,,,,,,,
2021-08-03,,,,,,,,
2021-08-04,,,,,,,,
2021-08-05,,,,,,,,
2021-08-06,,,,,,,,
2021-08-07,,,,,,,,
2021-08-08,,,,,,,,
2021-08-09,,,,,,,,
2021-08-10,,,,,,,,
2021-08-11,,,,,,,,
2021-08-12,,,,,,,,
2021-08-13,,,,,,,,
2021-08-14,,,,,,,,
2021-08-15,,,,,,,,
2021-08-16,,,,,,,,
2021-08-17,,,,,,,,
2021-08-18,,,,,,,,
2021-08-19,,,,,,,,
2021-08-20,,,,,,,,
2021-08-21,,,,,,,,
2021-08-22,,,,,,,,
2021-08-23,,,,,,,,
2021-08-24,,,,,,,,
2021-08-25,,,,,,,,
2021-08-26,,,,,,,,
2021-08-27,,,,,,,,
2021-08-28,,,,,,,,
2021-08-29,,,,,,,,
2021-08-30,,,,,,,,
2021-08-31,,,,,,,,
2021-09-01,,,,,,,,
2021-09-02,,,,,,,,
2021-09-03,,,,,,,,
2021-09-04,,,,,,,,
2021-09-05,,,,,,,,
2021-09-06,,,,,,,,
2021-09-07,,,,,,,,
2021-09-08,,,,,,,,
2021-09-09,,,,,,,,
2021-09-10,,,,,,,,
2021-09-11,,,,,,,,
2021-09-12,,,,,,,,
2021-09-13,,,,,,,,
2021-09-14,,,,,,,,
2021-09-15,,,,,,,,
2021-09-16,,,,,,,,
2021-09-17,,,,,,,,
2021-09-18,,,,,,,,
2021-09-19,,,,,,,,
2021-09-20,,,,,,,,
2021-09-21,,,,,,,,
2021-09-22,,,,,,,,
2021-09-23,,,,,,,,
2021-09-24,,,,,,,,
2021-09-25,,,,,,,,
2021-09-26,,,,,,,,
2021-09-27,,,,,,,,
2021-09-28,,,,,,,,
2021-09-29,,,,,,,,
2021-09-30,,,,,,,,
2021-10-01,,,,,,,,
2021-10-02,,,,,,,,
2021-10-03,,,,,,,,
2021-10-04,,,,,,,,
2021-10-05,,,,,,,,
2021-10-06,,,,,,,,
2021-10-07,,,,,,,,
2021-10-08,,,,,,,,
2021-10-09,,,,,,,,
2021-10-10,,,,,,,,
2021-10-11,,,,,,,,
2021-10-12,,,,,,,,
2021-10-13,,,,,,,,
2021-10-14,,,,,,,,
2021-10-15,,,,,,,,
2021-10-16,,,,,,,,
2021-10-17,,,,,,,,
2021-10-18,,,,,,,,
2021-10-19,,,,,,,,
2021-10-20,,,,,,,,
2021-10-21,,,,,,,,
2021-10-22,,,,,,,,
2021-10-23,,,,,,,,
2021-10-24,,,,,,,,
2021-10-25,,,,,,,,
2021-10-26,,,,,,,,
2021-10-27,,,,,,,,
2021-10-28,,,,,,,,
2021-10-29,,,,,,,,
2021-10-30,,,,,,,,
2021-10-31,,,,,,,,
2021-11-01,,,,,,,,
2021-11-02,,,,,,,,
2021-11-03,,,,,,,,
2021-11-04,,,,,,,,
2021-11-05,,,,,,,,
2021-11-06,,,,,,,,
2021-11-07,,,,,,,,
2021-11-08,,,,,,,,
2021-11-09,,,,,,,,
2021-11-10,,,,,,,,
2021-11-11,,,,,,,,
2021-11-12,,,,,,,,
2021-11-13,,,,,,,,
2021-11-14,,,,,,,,
2021-11-15,,,,,,,,
2021-11-16,,,,,,,,
2021-11-17,,,,,,,,
2021-11-18,,,,,,,,
2021-11-19,,,,,,,,
2021-11-20,,,,,,,,
2021-11-21,,,,,,,,
2021-11-22,,,,,,,,
2021-11-23,,,,,,,,
2021-11-24,,,,,,,,
2021-11-25,,,,,,,,
2021-11-26,,,,,,,,
2021-11-27,,,,,,,,
2021-11-28,,,,,,,,
2021-11-29,,,,,,,,
2021-11-30,,,,,,,,
2021-12-01,,,,,,,,
2021-12-02,,,,,,,,
2021-12-03,,,,,,,,
2021-12-04,,,,,,,,
2021-12-05,,,,,,,,
2021-12-06,,,,,,,,
2021-12-07,,,,,,,,
2021-12-08,,,,,,,,
2021-12-09,,,,,,,,
2021-12-10,,,,,,,,
2021-12-11,,,,,,,,
2021-12-12,,,,,,,,
2021-12-13,,,,,,,,
2021-12-14,,,,,,,,
2021-12-15,,,,,,,,
2021-12-16,,,,,,,,
2021-12-17,,,,,,,,
2021-12-18,,,,,,,,
2021-12-19,,,,,,,,
2021-12-20,,,,,,,,
2021-12-21,,,,,,,,
2021-12-22,,,,,,,,
2021-12-23,,,,,,,,
2021-12-24,,,,,,,,
2021-12-25,,,,,,,,
2021-12-26,,,,,,,,
2021-12-27,,,,,,,,
2021-12-28,,,,,,,,
2021-12-29,,,,,,,,
2021-12-30,,,,,,,,
2021-12-31,,,,,,,,
2022-01-01,,,,,,,,
2022-01-02,,,,,,,,
2022-01-03,,,,,,,,
2022-01-04,,,,,,,,
2022-01-05,,,,,,,,
2022-01-06,,,,,,,,
2022-01-07,,,,,,,,
2022-01-08,,,,,,,,
2022-01-09,,,,,,,,
2022-01-10,,,,,,,,
2022-01-11,,,,,,,,
2022-01-12,,,,,,,,
2022-01-13,,,,,,,,
2022-01-14,,,,,,,,
2022-01-15,,,,,,,,
2022-01-16,,,,,,,,
2022-01-17,,,,,,,,
2022-01-18,,,,,,,,
2022-01-19,,,,,,,,
2022-01-20,,,,,,,,
2022-01-21,,,,,,,,
2022-01-22,,,,,,,,
2022-01-23,,,,,,,,
2022-01-24,,,,,,,,
2022-01-25,,,,,,,,
2022-01-26,,,,,,,,
2022-01-27,,,,,,,,
2022-01-28,,,,,,,,
2022-01-29,,,,,,,,
2022-01-30,,,,,,,,
2022-01-31,,,,,,,,
2022-02-01,,,,,,,,
2022-02-02,,,,,,,,
2022-02-03,,,,,,,,
2022-02-04,,,,,,,,
2022-02-05,,,,,,,,
2022-02-06,,,,,,,,
2022-02-07,,,,,,,,
2022-02-08,,,,,,,,
2022-02-09,,,,,,,,
2022-02-10,,,,,,,,
2022-02-11,,,,,,,,
2022-02-12,,,,,,,,
2022-02-13,,,,,,,,
2022-02-14,,,,,,,,
2022-02-15,,,,,,,,
2022-02-16,,,,,,,,
2022-02-17,,,,,,,,
2022-02-18,,,,,,,,
2022-02-19,,,,,,,,
2022-02-20,,,,,,,,
2022-02-21,,,,,,,,
2022-02-22,,,,,,,,
2022-02-23,,,,,,,,
2022-02-24,,,,,,,,
2022-02-25,,,,,,,,
2022-02-26,,,,,,,,
2022-02-27,,,,,,,,
2022-02-28,,,,,,,,
2022-03-01,,,,,,,,
2022-03-02,,,,,,,,
2022-03-03,,,,,,,,
2022-03-04,,,,,,,,
2022-03-05,,,,,,,,
2022-03-06,,,,,,,,
2022-03-07,,,,,,,,
2022-03-08,,,,,,,,
2022-03-09,,,,,,,,
2022-03-10,,,,,,,,
2022-03-11,,,,,,,,
2022-03-12,,,,,,,,
2022-03-13,,,,,,,,
2022-03-14,,,,,,,,
2022-03-15,,,,,,,,
2022-03-16,,,,,,,,
2022-03-17,,,,,,,,
2022-03-18,,,,,,,,
2022-03-19,,,,,,,,
2022-03-20,,,,,,,,
2022-03-21,,,,,,,,
2022-03-22,,,,,,,,
2022-03-23,,,,,,,,
2022-03-24,,,,,,,,
2022-03-25,,,,,,,,
2022-03-26,,,,,,,,
2022-03-27,,,,,,,,
2022-03-28,,,,,,,,
2022-03-29,,,,,,,,
2022-03-30,,,,,,,,
2022-03-31,,,,,,,,
2022-04-01,,,,,,,,
2022-04-02,,,,,,,,
2022-04-03,,,,,,,,
2022-04-04,,,,,,,,
2022-04-05,,,,,,,,
2022-04-06,,,,,,,,
2022-04-07,,,,,,,,
2022-04-08,,,,,,,,
2022-04-09,,,,,,,,
2022-04-10,,,,,,,,
2022-04-11,,,,,,,,
2022-04-12,,,,,,,,
2022-04-13,,,,,,,,
2022-04-14,,,,,,,,
2022-04-15,,,,,,,,
2022-04-16,,,,,,,,
2022-04-17,,,,,,,,
2022-04-18,,,,,,,,
2022-04-19,,,,,,,,
2022-04-20,,,,,,,,
2022-04-21,,,,,,,,
2022-04-22,,,,,,,,
2022-04-23,,,,,,,,
2022-04-24,,,,,,,,
2022-04-25,,,,,,,,
2022-04-26,,,,,,,,
2022-04-27,,,,,,,,
2022-04-28,,,,,,,,
2022-04-29,,,,,,,,
2022-04-30,,,,,,,,
2022-05-01,,,,,,,,
2022-05-02,,,,,,,,
2022-05-03,,,,,,,,
2022-05-04,,,,,,,,
2022-05-05,,,,,,,,
2022-05-06,,,,,,,,
2022-05-07,,,,,,,,
2022-05-08,,,,,,,,
2022-05-09,,,,,,,,
2022-05-10,,,,,,,,
2022-05-11,,,,,,,,
2022-05-12,,,,,,,,
2022-05-13,,,,,,,,
2022-05-14,,,,,,,,
2022-05-15,,,,,,,,
2022-05-16,,,,,,,,
2022-05-17,,,,,,,,
2022-05-18,,,,,,,,
2022-05-19,,,,,,,,
2022-05-20,,,,,,,,
2022-05-21,,,,,,,,
2022-05-22,,,,,,,,
2022-05-23,,,,,,,,
2022-05-24,,,,,,,,
2022-05-25,,,,,,,,
2022-05-26,,,,,,,,
2022-05-27,,,,,,,,
2022-05-28,,,,,,,,
2022-05-29,,,,,,,,
2022-05-30,,,,,,,,
2022-05-31,,,,,,,,
2022-06-01,,,,,,,,
2022-06-02,,,,,,,,
2022-06-03,,,,,,,,
2022-06-04,,,,,,,,
2022-06-05,,,,,,,,
2022-06-06,,,,,,,,
2022-06-07,,,,,,,,
2022-06-08,,,,,,,,
2022-06-09,,,,,,,,
2022-06-10,,,,,,,,
2022-06-11,,,,,,,,
2022-06-12,,,,,,,,
2022-06-13,,,,,,,,
2022-06-14,,,,,,,,
2022-06-15,,,,,,,,
2022-06-16,,,,,,,,
2022-06-17,,,,,,,,
2022-06-18,,,,,,,,
2022-06-19,,,,,,,,
2022-06-20,,,,,,,,
2022-06-21,,,,,,,,
2022-06-22,,,,,,,,
2022-06-23,,,,,,,,
2022-06-24,,,,,,,,
2022-06-25,,,,,,,,
2022-06-26,,,,,,,,
2022-06-27,,,,,,,,
2022-06-28,,,,,,,,
2022-06-29,,,,,,,,
2022-06-30,,,,,,,,
2022-07-01,,,,,,,,
2022-07-02,,,,,,,,
2022-07-03,,,,,,,,
2022-07-04,,,,,,,,
2022-07-05,,,,,,,,
2022-07-06,,,,,,,,
2022-07-07,,,,,,,,
2022-07-08,,,,,,,,
2022-07-09,,,,,,,,
2022-07-10,,,,,,,,
2022-07-11,,,,,,,,
2022-07-12,,,,,,,,
2022-07-13,,,,,,,,
2022-07-14,,,,,,,,
2022-07-15,,,,,,,,
2022-07-16,,,,,,,,
2022-07-17,,,,,,,,
2022-07-18,,,,,,,,
2022-07-19,,,,,,,,
2022-07-20,,,,,,,,
2022-07-21,,,,,,,,
2022-07-22,,,,,,,,
2022-07-23,,,,,,,,
2022-07-24,,,,,,,,
2022-07-25,,,,,,,,
2022-07-26,,,,,,,,
2022-07-27,,,,,,,,
2022-07-28,,,,,,,,
2022-07-29,,,,,,,,
2022-07-30,,,,,,,,
2022-07-31,,,,,,,,
2022-08-01,,,,,,,,
2022-08-02,,,,,,,,
2022-08-03,,,,,,,,
2022-08-04,,,,,,,,
2022-08-05,,,,,,,,
2022-08-06,,,,,,,,
2022-08-07,,,,,,,,
2022-08-08,,,,,,,,
2022-08-09,,,,,,,,
2022-08-10,,,,,,,,
2022-08-11,,,,,,,,
2022-08-12,,,,,,,,
2022-08-13,,,,,,,,
2022-08-14,,,,,,,,
2022-08-15,,,,,,,,
2022-08-16,,,,,,,,
2022-08-17,,,,,,,,
2022-08-18,,,,,,,,
2022-08-19,,,,,,,,
2022-08-20,,,,,,,,
2022-08-21,,,,,,,,
2022-08-22,,,,,,,,
2022-08-23,,,,,,,,
2022-08-24,,,,,,,,
2022-08-25,,,,,,,,
2022-08-26,,,,,,,,
2022-08-27,,,,,,,,
2022-08-28,,,,,,,,
2022-08-29,,,,,,,,
2022-08-30,,,,,,,,
2022-08-31,,,,,,,,
2022-09-01,,,,,,,,
2022-09-02,,,,,,,,
2022-09-03,,,,,,,,
2022-09-04,,,,,,,,
2022-09-05,,,,,,,,
2022-09-06,,,,,,,,
2022-09-07,,,,,,,,
2022-09-08,,,,,,,,
2022-09-09,,,,,,,,
2022-09-10,,,,,,,,
2022-09-11,,,,,,,,
2022-09-12,,,,,,,,
2022-09-13,,,,,,,,
2022-09-14,,,,,,,,
2022-09-15,,,,,,,,
2022-09-16,,,,,,,,
2022-09-17,,,,,,,,
2022-09-18,,,,,,,,
2022-09-19,,,,,,,,
2022-09-20,,,,,,,,
2022-09-21,,,,,,,,
2022-09-22,,,,,,,,
2022-09-23,23880.0,0.0,2580.0,15840.0,5460.0,180.0,13.0,
2022-09-24,22860.0,0.0,4200.0,17580.0,1080.0,4500.0,16.0,
2022-09-25,27360.0,0.0,1440.0,17520.0,8400.0,600.0,12.0,
2022-09-26,25680.0,0.0,3060.0,18240.0,4380.0,1320.0,14.0,
2022-09-27,,,,,,,,
2022-09-28,27660.0,0.0,2460.0,20520.0,4680.0,300.0,14.0,
2022-09-29,29340.0,0.0,3780.0,17940.0,7620.0,180.0,14.0,
2022-09-30,27180.0,0.0,1920.0,17580.0,7680.0,120.0,14.0,
2022-10-01,28080.0,0.0,2400.0,19020.0,6660.0,780.0,14.0,
2022-10-02,26940.0,0.0,4380.0,17940.0,4620.0,1200.0,14.0,
2022-10-03,27780.0,0.0,1440.0,19380.0,6960.0,0.0,15.0,
2022-10-04,26760.0,0.0,1140.0,21960.0,3660.0,180.0,14.0,
2022-10-05,24720.0,0.0,3060.0,16860.0,4800.0,480.0,14.0,
2022-10-06,29580.0,0.0,4260.0,18000.0,7320.0,1740.0,13.0,
2022-10-07,25200.0,0.0,3660.0,13560.0,7980.0,60.0,13.0,
2022-10-08,33120.0,0.0,2820.0,24300.0,6000.0,840.0,13.0,
2022-10-09,24180.0,0.0,1560.0,19500.0,3120.0,1440.0,14.0,
2022-10-10,25980.0,0.0,3480.0,13080.0,9420.0,0.0,14.0,
2022-10-11,24360.0,0.0,3300.0,15060.0,6000.0,0.0,15.0,
2022-10-12,27900.0,0.0,1080.0,19800.0,7020.0,0.0,14.0,
2022-10-13,26220.0,0.0,2820.0,19740.0,3660.0,840.0,13.0,
2022-10-14,25200.0,0.0,2880.0,16500.0,5820.0,0.0,13.0,
2022-10-15,23760.0,0.0,5340.0,13920.0,4500.0,120.0,13.0,
2022-10-16,24600.0,0.0,1800.0,16200.0,6600.0,60.0,13.0,
2022-10-17,27180.0,0.0,1560.0,21240.0,4380.0,180.0,14.0,
2022-10-18,28500.0,0.0,6780.0,15540.0,6180.0,660.0,13.0,
2022-10-19,25980.0,0.0,3600.0,16440.0,5940.0,0.0,14.0,
2022-10-20,24480.0,0.0,4620.0,14400.0,5460.0,900.0,14.0,
2022-10-21,24720.0,0.0,5280.0,14220.0,5220.0,2040.0,14.0,
2022-10-22,27600.0,0.0,1560.0,21720.0,4320.0,1440.0,13.0,
2022-10-23,24420.0,0.0,2880.0,14400.0,7140.0,1020.0,13.0,
2022-10-24,24600.0,0.0,840.0,17460.0,6300.0,360.0,13.0,
2022-10-25,31920.0,0.0,3900.0,18660.0,9360.0,120.0,14.0,
2022-10-26,27540.0,0.0,2820.0,15480.0,9240.0,60.0,15.0,
2022-10-27,27180.0,0.0,3240.0,14760.0,9180.0,300.0,15.0,
2022-10-28,26520.0,0.0,600.0,20280.0,5640.0,600.0,15.0,
2022-10-29,27300.0,0.0,5040.0,16020.0,6240.0,0.0,14.0,
2022-10-30,23820.0,0.0,1980.0,15540.0,6300.0,720.0,14.0,
2022-10-31,24660.0,0.0,4500.0,14040.0,6120.0,0.0,15.0,
2022-11-01,25260.0,0.0,3840.0,17520.0,3900.0,480.0,14.0,
2022-11-02,22680.0,0.0,1980.0,16320.0,4380.0,600.0,15.0,
2022-11-03,27420.0,0.0,1980.0,19440.0,6000.0,540.0,15.0,
2022-11-04,19740.0,0.0,3000.0,15060.0,1680.0,240.0,15.0,
2022-11-05,30660.0,0.0,4260.0,22260.0,4140.0,1500.0,15.0,
2022-11-06,24000.0,0.0,2340.0,14460.0,7200.0,60.0,14.0,
2022-11-07,26700.0,0.0,3780.0,14820.0,8100.0,60.0,14.0,
2022-11-08,27420.0,0.0,2220.0,19800.0,5400.0,1080.0,14.0,
2022-11-09,26460.0,0.0,720.0,20220.0,5520.0,60.0,13.0,
2022-11-10,25860.0,0.0,4140.0,14160.0,7560.0,0.0,14.0,
2022-11-11,25860.0,0.0,1680.0,15900.0,8280.0,420.0,15.0,
2022-11-12,25140.0,0.0,960.0,20220.0,3960.0,1980.0,14.0,
2022-11-13,26575.0,0.0,4680.0,15000.0,6840.0,180.0,14.0,
2022-11-14,26400.0,0.0,4560.0,16320.0,5520.0,0.0,14.0,
2022-11-15,23100.0,0.0,5160.0,15060.0,2880.0,1680.0,14.0,
2022-11-16,22140.0,0.0,3780.0,16020.0,2340.0,0.0,14.0,
2022-11-17,28440.0,0.0,4260.0,15180.0,9000.0,60.0,13.0,
2022-11-18,24600.0,0.0,2160.0,18420.0,4020.0,540.0,14.0,
2022-11-19,26760.0,0.0,3060.0,18540.0,5160.0,1020.0,14.0,
2022-11-20,29520.0,0.0,2400.0,22560.0,4560.0,780.0,14.0,
2022-11-21,26340.0,0.0,2700.0,17340.0,6300.0,300.0,14.0,
2022-11-22,,,,,,,,
2022-11-23,25860.0,0.0,2700.0,12420.0,10740.0,60.0,15.0,
2022-11-24,30705.0,0.0,3180.0,21840.0,5640.0,60.0,14.0,
2022-11-25,18420.0,0.0,3960.0,12360.0,2100.0,2640.0,16.0,
2022-11-26,28860.0,0.0,3060.0,21780.0,4020.0,300.0,14.0,
2022-11-27,27737.0,0.0,5640.0,16380.0,5700.0,360.0,14.0,
2022-11-28,25200.0,0.0,4560.0,16260.0,4380.0,60.0,14.0,
2022-11-29,26760.0,0.0,4920.0,17580.0,4260.0,1860.0,13.0,
2022-11-30,24960.0,0.0,2940.0,18000.0,4020.0,720.0,14.0,
2022-12-01,27480.0,0.0,3120.0,17220.0,7140.0,120.0,14.0,
2022-12-02,28020.0,0.0,2220.0,21000.0,4800.0,0.0,12.0,
2022-12-03,22260.0,0.0,5580.0,14460.0,2220.0,120.0,13.0,
2022-12-04,28260.0,0.0,3060.0,19560.0,5640.0,0.0,13.0,
2022-12-05,25680.0,0.0,2520.0,16020.0,7140.0,60.0,,
2022-12-06,10380.0,0.0,2640.0,7140.0,600.0,0.0,13.0,
2022-12-07,26580.0,0.0,3780.0,18840.0,3960.0,240.0,13.0,
2022-12-08,27000.0,0.0,3000.0,16680.0,7320.0,2820.0,15.0,
2022-12-09,28440.0,0.0,2760.0,17520.0,8160.0,120.0,14.0,
2022-12-10,25980.0,0.0,3960.0,16200.0,5820.0,960.0,14.0,
2022-12-11,29940.0,0.0,3060.0,17160.0,9720.0,180.0,15.0,
2022-12-12,26640.0,0.0,2460.0,18180.0,6000.0,60.0,15.0,
2022-12-13,29760.0,0.0,2700.0,20940.0,6120.0,1440.0,15.0,
2022-12-14,27120.0,0.0,2820.0,19620.0,4680.0,720.0,15.0,
2022-12-15,24848.0,0.0,3840.0,15000.0,6000.0,60.0,14.0,
2022-12-16,22260.0,0.0,1140.0,14820.0,6300.0,60.0,14.0,
2022-12-17,26040.0,0.0,1500.0,20460.0,4080.0,540.0,15.0,
2022-12-18,30000.0,0.0,3660.0,18000.0,8340.0,1020.0,14.0,
2022-12-19,25560.0,0.0,2940.0,15480.0,7140.0,0.0,14.0,
2022-12-20,27202.0,0.0,3120.0,16860.0,7200.0,1260.0,14.0,
2022-12-21,21720.0,0.0,4080.0,14280.0,3360.0,480.0,14.0,
2022-12-22,29940.0,0.0,2760.0,21060.0,6120.0,960.0,14.0,
2022-12-23,24840.0,0.0,2580.0,15780.0,6480.0,60.0,14.0,
2022-12-24,25320.0,0.0,4080.0,15540.0,5700.0,1860.0,15.0,
2022-12-25,26340.0,0.0,3840.0,18300.0,4200.0,120.0,15.0,
2022-12-26,28800.0,0.0,3300.0,20880.0,4620.0,1500.0,15.0,
2022-12-27,26040.0,0.0,2400.0,18000.0,5640.0,0.0,15.0,
2022-12-28,27480.0,0.0,5100.0,14580.0,7800.0,540.0,15.0,
2022-12-29,28980.0,0.0,3240.0,18960.0,6780.0,240.0,15.0,
2022-12-30,18540.0,0.0,3480.0,13800.0,1260.0,2760.0,16.0,
2022-12-31,28740.0,0.0,3300.0,19200.0,6240.0,60.0,15.0,
2023-01-01,21360.0,0.0,1740.0,15300.0,4320.0,1320.0,15.0,
2023-01-02,29040.0,0.0,3720.0,21300.0,4020.0,1140.0,15.0,
2023-01-03,26400.0,0.0,1560.0,20640.0,4200.0,600.0,15.0,
2023-01-04,25440.0,0.0,6240.0,15120.0,4080.0,1200.0,15.0,
2023-01-05,22920.0,0.0,9780.0,10560.0,2580.0,180.0,15.0,
2023-01-06,27660.0,0.0,4200.0,19500.0,3960.0,1260.0,15.0,
2023-01-07,25860.0,0.0,4080.0,13740.0,8040.0,0.0,15.0,
2023-01-08,28020.0,0.0,3540.0,18420.0,6060.0,1020.0,15.0,
2023-01-09,19860.0,0.0,4620.0,10740.0,4500.0,540.0,15.0,
2023-01-10,27300.0,0.0,2040.0,19380.0,5880.0,240.0,15.0,
2023-01-11,25680.0,0.0,5040.0,13740.0,6900.0,0.0,15.0,
2023-01-12,22980.0,0.0,4200.0,12120.0,6660.0,0.0,14.0,
2023-01-13,26160.0,0.0,7380.0,11640.0,7140.0,60.0,15.0,
2023-01-14,24120.0,0.0,10260.0,13860.0,0.0,1440.0,15.0,
2023-01-15,29280.0,0.0,1980.0,19740.0,7560.0,1080.0,15.0,
2023-01-16,26348.0,0.0,5100.0,16020.0,5220.0,420.0,15.0,
2023-01-17,27240.0,0.0,7380.0,14400.0,5460.0,420.0,15.0,
2023-01-18,29280.0,0.0,2340.0,22200.0,4740.0,360.0,15.0,
2023-01-19,24540.0,0.0,2400.0,17460.0,4680.0,60.0,15.0,
2023-01-20,,,,,,,,
2023-01-21,28620.0,0.0,2940.0,21120.0,4560.0,540.0,15.0,
2023-01-22,27120.0,0.0,3360.0,19080.0,4680.0,60.0,14.0,
2023-01-23,28740.0,0.0,1140.0,25200.0,2400.0,840.0,14.0,
2023-01-24,24582.0,0.0,3000.0,19380.0,2160.0,3120.0,14.0,
2023-01-25,22560.0,0.0,2760.0,16980.0,2820.0,60.0,14.0,
2023-01-26,25560.0,0.0,5820.0,17280.0,2460.0,360.0,,
2023-01-27,23940.0,0.0,2040.0,18060.0,3840.0,120.0,14.0,
2023-01-28,25918.0,0.0,1860.0,19260.0,4740.0,540.0,14.0,
2023-01-29,26760.0,0.0,2700.0,22680.0,1380.0,900.0,15.0,
2023-01-30,27780.0,0.0,3060.0,20520.0,4200.0,0.0,13.0,
2023-01-31,23340.0,0.0,3420.0,14340.0,5580.0,0.0,13.0,
2023-02-01,30420.0,0.0,1500.0,24420.0,4500.0,60.0,15.0,
2023-02-02,22800.0,0.0,2220.0,17100.0,3480.0,180.0,14.0,
2023-02-03,28860.0,0.0,1620.0,22860.0,4380.0,420.0,14.0,
2023-02-04,20460.0,0.0,4020.0,13680.0,2760.0,240.0,14.0,
2023-02-05,28980.0,0.0,1620.0,23400.0,3960.0,600.0,13.0,
2023-02-06,29236.0,0.0,2940.0,20520.0,5760.0,0.0,14.0,
2023-02-07,26040.0,0.0,2580.0,21060.0,2400.0,2700.0,14.0,
2023-02-08,25500.0,0.0,3300.0,18780.0,3420.0,900.0,15.0,
2023-02-09,20880.0,0.0,5580.0,10200.0,5100.0,0.0,,
2023-02-10,,,,,,,,
2023-02-11,32400.0,0.0,4620.0,18000.0,9780.0,60.0,14.0,
2023-02-12,26580.0,0.0,3720.0,14880.0,7980.0,0.0,14.0,
2023-02-13,27960.0,0.0,4140.0,18660.0,5160.0,300.0,14.0,
2023-02-14,27180.0,0.0,2040.0,21480.0,3660.0,420.0,15.0,
2023-02-15,24120.0,0.0,3000.0,14460.0,6660.0,60.0,13.0,
2023-02-16,27540.0,0.0,60.0,20640.0,6840.0,540.0,14.0,
2023-02-17,28980.0,0.0,3540.0,16680.0,8760.0,60.0,14.0,
2023-02-18,22080.0,0.0,2820.0,16800.0,2460.0,840.0,15.0,
2023-02-19,27300.0,0.0,4860.0,16020.0,6420.0,60.0,14.0,
2023-02-20,27360.0,0.0,3840.0,18000.0,5520.0,3660.0,14.0,
2023-02-21,30936.0,0.0,1380.0,24060.0,5460.0,240.0,15.0,
2023-02-22,34620.0,0.0,3900.0,25680.0,5040.0,480.0,14.0,
2023-02-23,29760.0,0.0,600.0,23760.0,5400.0,840.0,14.0,
2023-02-24,31920.0,0.0,3660.0,20640.0,7620.0,60.0,14.0,
2023-02-25,30660.0,0.0,1260.0,23280.0,6120.0,960.0,15.0,
2023-02-26,25980.0,0.0,2400.0,19500.0,4080.0,540.0,14.0,
2023-02-27,23340.0,0.0,4620.0,16920.0,1800.0,900.0,14.0,
2023-02-28,27360.0,0.0,3420.0,17100.0,6840.0,0.0,14.0,
2023-03-01,26340.0,0.0,1080.0,18420.0,6840.0,360.0,14.0,
2023-03-02,22560.0,0.0,3600.0,14880.0,4080.0,480.0,14.0,
2023-03-03,28080.0,0.0,1860.0,22020.0,4200.0,480.0,15.0,
2023-03-04,22260.0,0.0,4740.0,13800.0,3720.0,900.0,15.0,
2023-03-05,27720.0,0.0,5760.0,17460.0,4500.0,300.0,14.0,
2023-03-06,25860.0,0.0,2280.0,17940.0,5640.0,0.0,14.0,
2023-03-07,26539.0,0.0,3420.0,17820.0,5280.0,360.0,,
2023-03-08,25980.0,0.0,2880.0,16680.0,6420.0,780.0,14.0,
2023-03-09,25380.0,0.0,3840.0,18900.0,2640.0,1380.0,13.0,
2023-03-10,27660.0,0.0,900.0,20640.0,6120.0,60.0,14.0,
2023-03-11,25821.0,0.0,3420.0,17700.0,4680.0,0.0,15.0,
2023-03-12,29640.0,0.0,3480.0,19260.0,6900.0,180.0,14.0,
2023-03-13,27780.0,0.0,8100.0,15840.0,3840.0,540.0,14.0,
2023-03-14,28320.0,0.0,2040.0,20460.0,5820.0,600.0,14.0,
2023-03-15,23760.0,0.0,2340.0,17040.0,4380.0,1140.0,15.0,
2023-03-16,26760.0,0.0,3420.0,18540.0,4800.0,240.0,14.0,
2023-03-17,,,,,,,,
2023-03-18,,,,,,,,
2023-03-19,13440.0,0.0,3840.0,8820.0,780.0,1380.0,14.0,
2023-03-20,31440.0,0.0,3660.0,22500.0,5280.0,120.0,14.0,
2023-03-21,29940.0,0.0,4020.0,18360.0,7560.0,0.0,15.0,
2023-03-22,27240.0,0.0,1800.0,21780.0,3660.0,2160.0,15.0,
2023-03-23,32580.0,0.0,5100.0,22080.0,5400.0,180.0,16.0,
2023-03-24,24660.0,0.0,540.0,20400.0,3720.0,2160.0,15.0,
2023-03-25,33120.0,0.0,3840.0,21120.0,8160.0,2940.0,15.0,
2023-03-26,26760.0,0.0,2940.0,15180.0,8640.0,240.0,15.0,
2023-03-27,26723.0,0.0,1680.0,17400.0,7620.0,1020.0,15.0,
2023-03-28,25200.0,0.0,1860.0,18360.0,4980.0,180.0,14.0,
2023-03-29,26820.0,0.0,2460.0,17580.0,6780.0,180.0,15.0,
2023-03-30,21720.0,0.0,2100.0,16860.0,2760.0,60.0,15.0,
2023-03-31,25140.0,0.0,2940.0,17700.0,4500.0,660.0,15.0,
2023-04-01,26340.0,0.0,2280.0,19440.0,4620.0,900.0,16.0,
2023-04-02,28020.0,0.0,1080.0,21360.0,5580.0,660.0,14.0,
2023-04-03,30180.0,0.0,4140.0,20460.0,5580.0,1080.0,14.0,
2023-04-04,24968.0,0.0,3480.0,17880.0,3600.0,120.0,14.0,
2023-04-05,25380.0,0.0,2160.0,19680.0,3540.0,180.0,15.0,
2023-04-06,28080.0,0.0,1020.0,22380.0,4680.0,2940.0,14.0,
2023-04-07,25740.0,0.0,2400.0,20160.0,3180.0,60.0,14.0,
2023-04-08,25740.0,0.0,2280.0,16080.0,7380.0,0.0,14.0,
2023-04-09,21180.0,0.0,840.0,18060.0,2280.0,360.0,14.0,
2023-04-10,25500.0,0.0,1740.0,16620.0,7140.0,600.0,15.0,
2023-04-11,27180.0,0.0,2400.0,18960.0,5820.0,60.0,15.0,
2023-04-12,28680.0,0.0,1200.0,17580.0,9900.0,120.0,14.0,
2023-04-13,25740.0,0.0,3600.0,16200.0,5940.0,0.0,14.0,
2023-04-14,14340.0,0.0,8100.0,6240.0,0.0,120.0,18.0,
2023-04-15,31080.0,0.0,4080.0,21120.0,5880.0,900.0,14.0,
2023-04-16,30300.0,0.0,3600.0,19260.0,7440.0,2340.0,14.0,
2023-04-17,26220.0,0.0,840.0,23340.0,2040.0,840.0,14.0,
2023-04-18,26520.0,0.0,1800.0,18840.0,5880.0,120.0,14.0,
2023-04-19,23580.0,0.0,3540.0,14940.0,5100.0,540.0,14.0,
2023-04-20,23340.0,0.0,3900.0,15120.0,4320.0,300.0,14.0,
2023-04-21,30480.0,0.0,3480.0,21000.0,6000.0,60.0,14.0,
2023-04-22,31260.0,0.0,2760.0,23340.0,5160.0,360.0,13.0,
2023-04-23,24300.0,0.0,2760.0,17940.0,3600.0,0.0,14.0,
2023-04-24,22620.0,0.0,3180.0,14640.0,4800.0,0.0,14.0,
2023-04-25,26700.0,0.0,1980.0,19740.0,4980.0,120.0,15.0,
2023-04-26,28440.0,0.0,4800.0,16200.0,7440.0,60.0,15.0,
2023-04-27,28560.0,0.0,2940.0,21600.0,4020.0,360.0,15.0,
2023-04-28,24540.0,0.0,3840.0,14880.0,5820.0,420.0,15.0,
2023-04-29,25800.0,0.0,4380.0,18300.0,3120.0,60.0,14.0,
2023-04-30,28320.0,0.0,2040.0,18480.0,7800.0,900.0,14.0,
2023-05-01,24000.0,0.0,2160.0,19200.0,2640.0,2700.0,14.0,
2023-05-02,26820.0,0.0,3660.0,16020.0,7140.0,0.0,14.0,
2023-05-03,23520.0,0.0,3900.0,16080.0,3540.0,720.0,14.0,
2023-05-04,24180.0,0.0,480.0,19920.0,3780.0,300.0,14.0,
2023-05-05,25680.0,0.0,3900.0,15540.0,6240.0,0.0,14.0,
2023-05-06,29520.0,0.0,5040.0,17220.0,7260.0,540.0,14.0,
2023-05-07,29774.0,0.0,960.0,20580.0,8220.0,240.0,14.0,
2023-05-08,23700.0,0.0,2220.0,19500.0,1980.0,60.0,14.0,
2023-05-09,25980.0,0.0,2700.0,17040.0,6240.0,900.0,14.0,
2023-05-10,26640.0,0.0,4380.0,17040.0,5220.0,300.0,15.0,
2023-05-11,26100.0,0.0,4680.0,17220.0,4200.0,60.0,13.0,
2023-05-12,25020.0,0.0,3480.0,14700.0,6840.0,0.0,14.0,
2023-05-13,24840.0,0.0,1980.0,20460.0,2400.0,120.0,14.0,
2023-05-14,28500.0,0.0,2220.0,20640.0,5640.0,120.0,15.0,
2023-05-15,27480.0,0.0,3420.0,19740.0,4320.0,240.0,15.0,
2023-05-16,26760.0,0.0,900.0,20640.0,5220.0,360.0,15.0,
2023-05-17,29160.0,0.0,3180.0,20880.0,5100.0,120.0,15.0,
2023-05-18,26700.0,0.0,3780.0,18840.0,4080.0,780.0,15.0,
2023-05-19,27060.0,0.0,3660.0,20220.0,3180.0,60.0,15.0,
2023-05-20,20220.0,0.0,1740.0,14160.0,4320.0,780.0,14.0,
2023-05-21,23220.0,0.0,4080.0,17580.0,1560.0,60.0,15.0,
2023-05-22,22560.0,0.0,4980.0,11880.0,5700.0,0.0,16.0,
2023-05-23,28140.0,0.0,1740.0,21240.0,5160.0,840.0,15.0,
2023-05-24,24720.0,0.0,3120.0,18120.0,3480.0,0.0,15.0,
2023-05-25,26100.0,0.0,3840.0,17460.0,4800.0,120.0,15.0,
2023-05-26,28020.0,0.0,3960.0,20760.0,3300.0,660.0,16.0,
2023-05-27,29340.0,0.0,4500.0,21660.0,3180.0,540.0,15.0,
2023-05-28,24780.0,0.0,2400.0,19200.0,3180.0,960.0,15.0,
2023-05-29,24780.0,0.0,2940.0,16920.0,4920.0,240.0,15.0,
2023-05-30,27180.0,0.0,1380.0,22020.0,3780.0,1080.0,15.0,
2023-05-31,25920.0,0.0,4500.0,17820.0,3600.0,660.0,15.0,
2023-06-01,24900.0,0.0,4080.0,18660.0,2160.0,900.0,14.0,
2023-06-02,24540.0,0.0,0.0,21180.0,3360.0,1020.0,13.0,
2023-06-03,22920.0,0.0,1860.0,18840.0,2220.0,0.0,15.0,
2023-06-04,24540.0,0.0,3960.0,17100.0,3480.0,2280.0,15.0,
2023-06-05,22860.0,0.0,2880.0,14760.0,5220.0,360.0,15.0,
2023-06-06,28620.0,0.0,300.0,21060.0,7260.0,1380.0,15.0,
2023-06-07,27480.0,0.0,2640.0,21180.0,3660.0,180.0,15.0,
2023-06-08,24240.0,0.0,3180.0,17460.0,3600.0,60.0,15.0,
2023-06-09,22740.0,0.0,3900.0,13740.0,5100.0,0.0,15.0,
2023-06-10,27480.0,0.0,2940.0,18120.0,6420.0,300.0,14.0,
2023-06-11,25380.0,0.0,3660.0,20460.0,1260.0,300.0,16.0,
2023-06-12,30840.0,0.0,3240.0,21120.0,6480.0,0.0,15.0,
2023-06-13,25980.0,0.0,2460.0,16920.0,6600.0,420.0,15.0,
2023-06-14,23880.0,0.0,5880.0,15840.0,2160.0,1080.0,14.0,
2023-06-15,26040.0,0.0,3780.0,18060.0,4200.0,1020.0,14.0,
2023-06-16,21960.0,0.0,4140.0,16800.0,1020.0,1500.0,15.0,
2023-06-17,28200.0,0.0,3360.0,17520.0,7320.0,1740.0,14.0,
2023-06-18,29201.0,0.0,3780.0,22500.0,2880.0,480.0,16.0,
2023-06-19,24900.0,0.0,3540.0,16080.0,5280.0,120.0,16.0,
2023-06-20,27780.0,0.0,4080.0,18960.0,4740.0,2400.0,15.0,
2023-06-21,27540.0,0.0,3060.0,18720.0,5760.0,780.0,15.0,
2023-06-22,26700.0,0.0,3720.0,18840.0,4140.0,480.0,15.0,
2023-06-23,28620.0,0.0,3240.0,17280.0,8100.0,120.0,16.0,
2023-06-24,33960.0,0.0,5100.0,17940.0,10920.0,60.0,15.0,
2023-06-25,26280.0,0.0,3360.0,18780.0,4140.0,360.0,15.0,
2023-06-26,29820.0,0.0,3540.0,20640.0,5640.0,900.0,15.0,
2023-06-27,24900.0,0.0,3840.0,15060.0,6000.0,60.0,15.0,
2023-06-28,28560.0,0.0,3480.0,21120.0,3960.0,480.0,14.0,
2023-06-29,27600.0,0.0,3300.0,19440.0,4860.0,900.0,14.0,
2023-06-30,23520.0,0.0,600.0,19140.0,3780.0,780.0,15.0,
2023-07-01,30180.0,0.0,4620.0,18960.0,6600.0,1020.0,15.0,
2023-07-02,25620.0,0.0,3240.0,18360.0,4020.0,780.0,16.0,
2023-07-03,27900.0,0.0,3900.0,17940.0,6060.0,180.0,15.0,
2023-07-04,23880.0,0.0,2100.0,18780.0,3000.0,1620.0,15.0,
2023-07-05,28920.0,0.0,2700.0,22620.0,3600.0,1080.0,15.0,
2023-07-06,28620.0,0.0,2580.0,19560.0,6480.0,1200.0,15.0,
2023-07-07,27000.0,0.0,3600.0,20580.0,2820.0,660.0,15.0,
2023-07-08,20940.0,0.0,5100.0,13200.0,2640.0,1440.0,15.0,
2023-07-09,25320.0,0.0,2220.0,19380.0,3720.0,420.0,15.0,
2023-07-10,23520.0,0.0,3720.0,14700.0,5100.0,0.0,15.0,
2023-07-11,24780.0,0.0,1620.0,18900.0,4260.0,2040.0,15.0,
2023-07-12,26460.0,0.0,3540.0,18780.0,4140.0,1560.0,16.0,
2023-07-13,24900.0,0.0,4620.0,14820.0,5460.0,1200.0,16.0,
2023-07-14,24420.0,0.0,3660.0,16560.0,4200.0,360.0,16.0,
2023-07-15,27780.0,0.0,2880.0,19080.0,5820.0,720.0,15.0,
2023-07-16,31560.0,0.0,1740.0,20820.0,9000.0,1320.0,15.0,
2023-07-17,23580.0,0.0,2340.0,17220.0,4020.0,1380.0,15.0,
2023-07-18,28260.0,0.0,4800.0,14400.0,9000.0,180.0,14.0,
2023-07-19,27180.0,0.0,1020.0,21240.0,4920.0,540.0,14.0,
2023-07-20,23520.0,0.0,2160.0,18180.0,3180.0,660.0,15.0,
2023-07-21,24660.0,0.0,3120.0,18780.0,2760.0,480.0,14.0,
2023-07-22,23940.0,0.0,2040.0,16020.0,5880.0,2580.0,14.0,
2023-07-23,25920.0,0.0,3720.0,15120.0,7080.0,900.0,15.0,
2023-07-24,25740.0,0.0,3720.0,17820.0,4200.0,660.0,15.0,
2023-07-25,25080.0,0.0,5340.0,13740.0,6000.0,60.0,15.0,
2023-07-26,23460.0,0.0,1980.0,19620.0,1860.0,240.0,15.0,
2023-07-27,26160.0,0.0,1920.0,20160.0,4080.0,120.0,15.0,
2023-07-28,22620.0,0.0,900.0,18000.0,3720.0,120.0,14.0,
2023-07-29,26340.0,0.0,2700.0,20820.0,2820.0,1020.0,15.0,
2023-07-30,25320.0,0.0,3360.0,18420.0,3540.0,300.0,14.0,
2023-07-31,25380.0,0.0,3600.0,15540.0,6240.0,240.0,15.0,
2023-08-01,11400.0,0.0,3600.0,7020.0,780.0,1920.0,15.0,
2023-08-02,29580.0,0.0,3420.0,23520.0,2640.0,240.0,15.0,
2023-08-03,24960.0,0.0,3180.0,17820.0,3960.0,2160.0,14.0,
2023-08-04,29566.0,0.0,2880.0,22860.0,3780.0,600.0,16.0,
2023-08-05,28440.0,0.0,2160.0,17580.0,8700.0,1740.0,15.0,
2023-08-06,26400.0,0.0,3300.0,18180.0,4920.0,600.0,15.0,
2023-08-07,31740.0,0.0,3660.0,21060.0,7020.0,0.0,16.0,
2023-08-08,27540.0,0.0,3600.0,18660.0,5280.0,1440.0,14.0,
2023-08-09,26700.0,0.0,3120.0,16620.0,6960.0,120.0,15.0,
2023-08-10,26340.0,0.0,660.0,20820.0,4860.0,720.0,15.0,
2023-08-11,27060.0,0.0,3420.0,16500.0,7140.0,300.0,14.0,
2023-08-12,31920.0,0.0,3360.0,22920.0,5640.0,1680.0,15.0,
2023-08-13,20580.0,0.0,3660.0,13320.0,3600.0,780.0,15.0,
2023-08-14,26580.0,0.0,1200.0,19800.0,5580.0,1800.0,15.0,
2023-08-15,27240.0,0.0,3480.0,19620.0,4140.0,2880.0,14.0,
2023-08-16,23220.0,0.0,1860.0,18180.0,3180.0,360.0,14.0,
2023-08-17,22719.0,0.0,3840.0,16380.0,2460.0,1080.0,15.0,
2023-08-18,21180.0,0.0,2160.0,13980.0,5040.0,240.0,15.0,
2023-08-19,25020.0,0.0,2400.0,19680.0,2940.0,1200.0,15.0,
2023-08-20,,,,,,,,
2023-08-21,35160.0,0.0,8340.0,20700.0,6120.0,600.0,15.0,
2023-08-22,22740.0,0.0,3300.0,16140.0,3300.0,60.0,13.0,
2023-08-23,22320.0,0.0,1980.0,16500.0,3840.0,2520.0,16.0,
2023-08-24,29472.0,0.0,3180.0,20220.0,6060.0,2160.0,15.0,
2023-08-25,26100.0,0.0,2040.0,18780.0,5280.0,1200.0,15.0,
2023-08-26,34680.0,0.0,3780.0,21600.0,9300.0,0.0,16.0,
2023-08-27,24780.0,0.0,2100.0,17940.0,4740.0,4200.0,16.0,
2023-08-28,31800.0,0.0,3000.0,21540.0,7260.0,60.0,15.0,
2023-08-29,34200.0,0.0,6420.0,22620.0,5160.0,600.0,15.0,
2023-08-30,30660.0,0.0,1620.0,22260.0,6780.0,1860.0,16.0,
2023-08-31,24060.0,0.0,4380.0,14580.0,5100.0,420.0,16.0,
2023-09-01,29400.0,0.0,3300.0,21720.0,4380.0,1080.0,15.0,
2023-09-02,28320.0,0.0,2940.0,22800.0,2580.0,960.0,15.0,
2023-09-03,29640.0,0.0,2640.0,20520.0,6480.0,1200.0,16.0,
2023-09-04,28920.0,0.0,6240.0,15000.0,7680.0,0.0,15.0,
2023-09-05,30180.0,0.0,4020.0,18000.0,8160.0,360.0,16.0,
2023-09-06,22620.0,0.0,2220.0,18360.0,2040.0,600.0,15.0,
2023-09-07,29100.0,0.0,3960.0,18000.0,7140.0,0.0,16.0,
2023-09-08,28920.0,0.0,11700.0,13560.0,3660.0,720.0,15.0,
2023-09-09,31800.0,0.0,6120.0,21540.0,4140.0,1020.0,14.0,
2023-09-10,37020.0,0.0,4380.0,23220.0,9420.0,660.0,15.0,
2023-09-11,24780.0,0.0,4140.0,15300.0,5340.0,120.0,16.0,
2023-09-12,28440.0,0.0,4080.0,18780.0,5580.0,720.0,15.0,
2023-09-13,25260.0,0.0,3540.0,15720.0,6000.0,1740.0,14.0,
2023-09-14,28620.0,0.0,3000.0,21660.0,3960.0,1860.0,15.0,
2023-09-15,28920.0,0.0,3840.0,19140.0,5940.0,1440.0,14.0,
2023-09-16,28620.0,0.0,2760.0,22200.0,3660.0,2520.0,15.0,
2023-09-17,33480.0,0.0,2940.0,21060.0,9480.0,540.0,15.0,
2023-09-18,27900.0,0.0,4440.0,17700.0,5760.0,540.0,15.0,
2023-09-19,25800.0,0.0,8280.0,14400.0,3120.0,1020.0,15.0,
2023-09-20,22140.0,0.0,3240.0,17460.0,1440.0,2220.0,15.0,
2023-09-21,28980.0,0.0,2940.0,20220.0,5820.0,360.0,15.0,
2023-09-22,8309.0,0.0,3360.0,4620.0,300.0,5820.0,16.0,
2023-09-23,27180.0,0.0,11040.0,13800.0,2340.0,720.0,14.0,
2023-09-24,34380.0,0.0,3360.0,22860.0,8160.0,60.0,15.0,
2023-09-25,30780.0,0.0,4920.0,20520.0,5340.0,720.0,16.0,
2023-09-26,26160.0,0.0,6720.0,14940.0,4500.0,60.0,14.0,
2023-09-27,27000.0,0.0,2640.0,18300.0,6060.0,120.0,15.0,
2023-09-28,22200.0,0.0,2700.0,14100.0,5400.0,240.0,14.0,
2023-09-29,26700.0,0.0,4500.0,16680.0,5520.0,120.0,15.0,
2023-09-30,28740.0,0.0,4860.0,19980.0,3900.0,480.0,14.0,
2023-10-01,14040.0,0.0,6360.0,5400.0,2280.0,60.0,15.0,
2023-10-02,28560.0,0.0,6360.0,16320.0,5880.0,1380.0,15.0,
2023-10-03,27420.0,0.0,3960.0,15720.0,7740.0,240.0,15.0,
2023-10-04,26400.0,0.0,3660.0,15420.0,7320.0,60.0,16.0,
2023-10-05,26387.0,0.0,2460.0,19200.0,4680.0,60.0,15.0,
2023-10-06,26940.0,0.0,5100.0,17940.0,3900.0,60.0,15.0,
2023-10-07,24300.0,0.0,4500.0,17220.0,2580.0,180.0,15.0,
2023-10-08,28860.0,0.0,3780.0,21960.0,3120.0,840.0,15.0,
2023-10-09,29788.0,0.0,3180.0,19080.0,7500.0,1680.0,14.0,
2023-10-10,26820.0,0.0,6900.0,15240.0,4680.0,120.0,14.0,
2023-10-11,29640.0,0.0,4320.0,19140.0,6180.0,180.0,14.0,
2023-10-12,24360.0,0.0,3960.0,16740.0,3660.0,120.0,14.0,
2023-10-13,24720.0,0.0,3420.0,17340.0,3960.0,60.0,14.0,
2023-10-14,32820.0,0.0,4140.0,20340.0,8340.0,2220.0,14.0,
2023-10-15,29700.0,0.0,3180.0,19560.0,6960.0,540.0,15.0,
2023-10-16,26700.0,0.0,6840.0,15480.0,4380.0,1320.0,15.0,
2023-10-17,24660.0,0.0,3000.0,16980.0,4680.0,660.0,15.0,
2023-10-18,30120.0,0.0,4860.0,20220.0,5040.0,360.0,15.0,
2023-10-19,24060.0,0.0,4440.0,15540.0,4080.0,60.0,15.0,
2023-10-20,25560.0,0.0,3180.0,18420.0,3960.0,300.0,14.0,
2023-10-21,23880.0,0.0,4080.0,17340.0,2460.0,1680.0,14.0,
2023-10-22,31500.0,0.0,3060.0,18960.0,9480.0,720.0,14.0,
2023-10-23,23100.0,0.0,4080.0,16380.0,2640.0,60.0,15.0,
2023-10-24,25380.0,0.0,3360.0,15960.0,6060.0,600.0,14.0,
2023-10-25,29640.0,0.0,2700.0,19860.0,7080.0,780.0,15.0,
2023-10-26,26820.0,0.0,4020.0,14520.0,8280.0,720.0,14.0,
2023-10-27,26863.0,0.0,3300.0,20700.0,2820.0,540.0,14.0,
2023-10-28,23940.0,0.0,3660.0,16500.0,3780.0,0.0,15.0,
2023-10-29,25200.0,0.0,1320.0,18180.0,5700.0,180.0,14.0,
2023-10-30,24960.0,0.0,5760.0,16260.0,2940.0,360.0,14.0,
2023-10-31,32520.0,0.0,3360.0,22200.0,6960.0,840.0,15.0,
2023-11-01,22500.0,0.0,2880.0,15300.0,4320.0,1140.0,15.0,
2023-11-02,29820.0,0.0,3600.0,22380.0,3840.0,60.0,15.0,
2023-11-03,26640.0,0.0,4080.0,20340.0,2220.0,1260.0,15.0,
2023-11-04,23640.0,0.0,3780.0,15180.0,4680.0,60.0,15.0,
2023-11-05,30840.0,0.0,3420.0,19380.0,8040.0,1440.0,15.0,
2023-11-06,26340.0,0.0,3180.0,18720.0,4440.0,900.0,15.0,
2023-11-07,27540.0,0.0,5220.0,19620.0,2700.0,2460.0,15.0,
2023-11-08,22440.0,0.0,4860.0,14160.0,3420.0,60.0,15.0,
2023-11-09,24240.0,0.0,3480.0,15540.0,5220.0,60.0,15.0,
2023-11-10,26880.0,0.0,3120.0,18420.0,5340.0,1980.0,15.0,
2023-11-11,24540.0,0.0,4800.0,15300.0,4440.0,0.0,15.0,
2023-11-12,27720.0,0.0,5760.0,19140.0,2820.0,540.0,15.0,
2023-11-13,19740.0,0.0,3360.0,12660.0,3720.0,240.0,14.0,
2023-11-14,28080.0,0.0,3660.0,16800.0,7620.0,60.0,15.0,
2023-11-15,29460.0,0.0,1980.0,20220.0,7260.0,120.0,15.0,
2023-11-16,25920.0,0.0,4140.0,17580.0,4200.0,0.0,15.0,
2023-11-17,21660.0,0.0,3240.0,15360.0,3060.0,0.0,15.0,
2023-11-18,26160.0,0.0,2760.0,18720.0,4680.0,60.0,15.0,
2023-11-19,25500.0,0.0,3600.0,13800.0,8100.0,480.0,15.0,
2023-11-20,23100.0,0.0,3720.0,13980.0,5400.0,480.0,15.0,
2023-11-21,27180.0,0.0,6000.0,15000.0,6180.0,1140.0,14.0,
2023-11-22,28020.0,0.0,3600.0,20820.0,3600.0,180.0,15.0,
2023-11-23,25800.0,0.0,1560.0,21960.0,2280.0,1080.0,14.0,
2023-11-24,27060.0,0.0,1260.0,18540.0,7260.0,1320.0,14.0,
2023-11-25,22740.0,0.0,6540.0,15480.0,720.0,360.0,16.0,
2023-11-26,20100.0,0.0,4320.0,13980.0,1800.0,0.0,14.0,
2023-11-27,26880.0,0.0,2700.0,19680.0,4500.0,360.0,14.0,
2023-11-28,28440.0,0.0,5340.0,16680.0,6420.0,480.0,14.0,
2023-11-29,31140.0,0.0,4560.0,19320.0,7260.0,0.0,13.0,
2023-11-30,26520.0,0.0,2580.0,19560.0,4380.0,780.0,14.0,
2023-12-01,19560.0,0.0,4380.0,14580.0,600.0,180.0,14.0,
2023-12-02,29640.0,0.0,6120.0,17520.0,6000.0,420.0,14.0,
2023-12-03,28560.0,0.0,3420.0,20160.0,4980.0,660.0,14.0,
2023-12-04,29940.0,0.0,2940.0,23400.0,3600.0,600.0,13.0,
2023-12-05,27300.0,0.0,4860.0,16200.0,6240.0,960.0,14.0,
2023-12-06,27720.0,0.0,4500.0,19920.0,3300.0,240.0,13.0,
2023-12-07,24840.0,0.0,3000.0,18360.0,3480.0,60.0,14.0,
2023-12-08,29520.0,0.0,1020.0,21840.0,6660.0,300.0,14.0,
2023-12-09,31440.0,0.0,5460.0,18960.0,7020.0,180.0,14.0,
2023-12-10,28620.0,0.0,5700.0,19440.0,3480.0,780.0,14.0,
2023-12-11,27240.0,0.0,5100.0,18300.0,3840.0,120.0,14.0,
2023-12-12,20035.0,0.0,1500.0,15060.0,3420.0,60.0,,
2023-12-13,24060.0,0.0,5040.0,12960.0,6060.0,180.0,15.0,
2023-12-14,30060.0,0.0,7200.0,17100.0,5760.0,480.0,15.0,
2023-12-15,22320.0,0.0,2760.0,17040.0,2520.0,120.0,14.0,
2023-12-16,26880.0,0.0,5460.0,18900.0,2520.0,1080.0,15.0,
2023-12-17,29880.0,0.0,3660.0,20460.0,5760.0,660.0,15.0,
2023-12-18,21540.0,0.0,2580.0,16560.0,2400.0,0.0,14.0,
2023-12-19,23940.0,0.0,4860.0,15420.0,3660.0,420.0,15.0,
2023-12-20,22260.0,0.0,1620.0,19140.0,1500.0,3660.0,15.0,
2023-12-21,28500.0,0.0,2880.0,21600.0,4020.0,120.0,15.0,
2023-12-22,23580.0,0.0,4680.0,18480.0,420.0,6780.0,13.0,
2023-12-23,26700.0,0.0,6960.0,16680.0,3060.0,60.0,13.0,
2023-12-24,27660.0,0.0,3780.0,20280.0,3600.0,2820.0,14.0,
2023-12-25,27000.0,0.0,4140.0,19920.0,2940.0,300.0,14.0,
2023-12-26,30060.0,0.0,2700.0,21180.0,6180.0,360.0,15.0,
2023-12-27,25800.0,0.0,2880.0,15600.0,7320.0,960.0,15.0,
2023-12-28,31365.0,0.0,2280.0,21720.0,7320.0,180.0,15.0,
2023-12-29,30540.0,0.0,5940.0,18780.0,5820.0,300.0,15.0,
2023-12-30,30780.0,0.0,3240.0,19800.0,7740.0,2040.0,14.0,
2023-12-31,30060.0,0.0,4980.0,19080.0,6000.0,840.0,15.0,
2024-01-01,27360.0,0.0,3660.0,19080.0,4620.0,1620.0,15.0,
2024-01-02,26040.0,0.0,1020.0,19260.0,5760.0,3060.0,14.0,
2024-01-03,27540.0,0.0,3060.0,16680.0,7800.0,540.0,14.0,
2024-01-04,27720.0,0.0,3420.0,18060.0,6240.0,240.0,15.0,
2024-01-05,28620.0,0.0,3420.0,21000.0,4200.0,1020.0,14.0,
2024-01-06,26160.0,0.0,2280.0,20820.0,3060.0,1020.0,15.0,
2024-01-07,28260.0,0.0,5820.0,18480.0,3960.0,1380.0,16.0,
2024-01-08,22020.0,0.0,5400.0,13380.0,3240.0,1620.0,15.0,
2024-01-09,28500.0,0.0,4260.0,19140.0,5100.0,180.0,15.0,
2024-01-10,25920.0,0.0,3180.0,16800.0,5940.0,0.0,15.0,
2024-01-11,30120.0,0.0,3000.0,19140.0,7980.0,1140.0,15.0,
2024-01-12,27600.0,0.0,4800.0,18420.0,4380.0,60.0,14.0,
2024-01-13,22440.0,0.0,4140.0,14280.0,4020.0,1140.0,14.0,
2024-01-14,27780.0,0.0,7260.0,16740.0,3780.0,900.0,14.0,
2024-01-15,26147.0,0.0,2820.0,18300.0,4980.0,60.0,14.0,
2024-01-16,25200.0,0.0,3540.0,17100.0,4560.0,660.0,14.0,
2024-01-17,28260.0,0.0,3480.0,22560.0,2220.0,360.0,14.0,
2024-01-18,29100.0,0.0,3300.0,22740.0,3060.0,2160.0,15.0,
2024-01-19,29432.0,0.0,4440.0,20760.0,4200.0,1080.0,15.0,
2024-01-20,28020.0,0.0,5520.0,18300.0,4200.0,240.0,15.0,
2024-01-21,27240.0,0.0,2400.0,20700.0,4140.0,660.0,14.0,
2024-01-22,17896.0,0.0,3360.0,11040.0,3480.0,120.0,14.0,
2024-01-23,28080.0,0.0,4380.0,18960.0,4740.0,900.0,15.0,
2024-01-24,25440.0,0.0,4860.0,17100.0,3480.0,60.0,14.0,
2024-01-25,25531.0,0.0,3420.0,17340.0,4740.0,300.0,14.0,
2024-01-26,24180.0,0.0,3900.0,16380.0,3900.0,0.0,14.0,
2024-01-27,28140.0,0.0,4320.0,20280.0,3540.0,1140.0,14.0,
2024-01-28,27780.0,0.0,5040.0,15840.0,6900.0,0.0,15.0,
2024-01-29,29760.0,0.0,3420.0,20400.0,5940.0,240.0,15.0,
2024-01-30,26100.0,0.0,4500.0,17460.0,4140.0,720.0,13.0,
2024-01-31,25380.0,0.0,3660.0,16860.0,4860.0,60.0,15.0,
2024-02-01,19680.0,0.0,3300.0,12240.0,4140.0,0.0,14.0,
2024-02-02,24300.0,0.0,3180.0,16680.0,4440.0,300.0,14.0,
2024-02-03,31680.0,0.0,4380.0,21420.0,5880.0,1680.0,15.0,
2024-02-04,26640.0,0.0,3600.0,19320.0,3720.0,1080.0,14.0,
2024-02-05,28140.0,0.0,2100.0,19920.0,6120.0,0.0,15.0,
2024-02-06,22421.0,0.0,3600.0,14280.0,4500.0,1140.0,14.0,
2024-02-07,26394.0,0.0,3840.0,18120.0,4440.0,420.0,14.0,
2024-02-08,30418.0,0.0,3060.0,19680.0,7680.0,300.0,15.0,
2024-02-09,28620.0,0.0,5760.0,17520.0,5340.0,1560.0,12.0,
2024-02-10,28651.0,0.0,3900.0,19080.0,5700.0,1620.0,14.0,
2024-02-11,26940.0,0.0,2640.0,20580.0,3720.0,180.0,15.0,
2024-02-12,27000.0,0.0,3840.0,17700.0,5460.0,720.0,15.0,
2024-02-13,27180.0,0.0,4920.0,17160.0,5100.0,60.0,14.0,
2024-02-14,23580.0,0.0,3060.0,14460.0,6060.0,60.0,15.0,
2024-02-15,23040.0,0.0,3660.0,15660.0,3720.0,1440.0,15.0,
2024-02-16,19020.0,5400.0,3180.0,12900.0,2940.0,2820.0,14.0,
2024-02-17,29205.0,2760.0,3000.0,19800.0,6420.0,1440.0,15.0,
2024-02-18,29520.0,0.0,4560.0,19020.0,5940.0,480.0,14.0,
2024-02-19,23760.0,0.0,6900.0,10980.0,5880.0,1140.0,15.0,
2024-02-20,28140.0,0.0,5820.0,17340.0,4980.0,1380.0,15.0,
2024-02-21,28680.0,0.0,5040.0,18000.0,5640.0,2100.0,14.0,
2024-02-22,25020.0,0.0,9660.0,9960.0,5400.0,2460.0,14.0,
2024-02-23,28380.0,0.0,3960.0,17700.0,6720.0,1200.0,16.0,
2024-02-24,25320.0,0.0,3780.0,19920.0,1620.0,4560.0,14.0,
2024-02-25,25800.0,0.0,7800.0,13380.0,4620.0,1800.0,14.0,
2024-02-26,25560.0,0.0,2100.0,22560.0,900.0,4560.0,14.0,
2024-02-27,28380.0,0.0,4200.0,18300.0,5880.0,600.0,15.0,
2024-02-28,26340.0,0.0,6300.0,14940.0,5100.0,360.0,15.0,
2024-02-29,26280.0,0.0,4080.0,14640.0,7560.0,1800.0,15.0,
2024-03-01,24600.0,0.0,6840.0,14280.0,3480.0,2040.0,14.0,
2024-03-02,32460.0,0.0,4140.0,23220.0,5100.0,1200.0,15.0,
2024-03-03,23040.0,0.0,8580.0,9660.0,4800.0,1140.0,15.0,
2024-03-04,23820.0,0.0,5880.0,15960.0,1980.0,1560.0,15.0,
2024-03-05,27360.0,0.0,8940.0,11640.0,6780.0,300.0,15.0,
2024-03-06,25320.0,0.0,3420.0,19860.0,2040.0,1140.0,14.0,
2024-03-07,22620.0,0.0,6360.0,13440.0,2820.0,1380.0,15.0,
2024-03-08,28980.0,0.0,5280.0,17880.0,5820.0,1740.0,15.0,
2024-03-09,32520.0,0.0,5220.0,17880.0,9420.0,600.0,15.0,
2024-03-10,29160.0,0.0,5700.0,17220.0,6240.0,1440.0,15.0,
2024-03-11,28680.0,0.0,7020.0,18240.0,3420.0,1320.0,17.0,
2024-03-12,25380.0,0.0,3360.0,16320.0,5700.0,120.0,17.0,
2024-03-13,16200.0,0.0,3900.0,12300.0,0.0,240.0,17.0,
2024-03-14,28560.0,0.0,9060.0,11940.0,7560.0,240.0,15.0,
2024-03-15,25320.0,0.0,8580.0,11820.0,4920.0,300.0,14.0,
2024-03-16,24600.0,0.0,3480.0,17460.0,3660.0,240.0,14.0,
2024-03-17,29280.0,0.0,5580.0,20700.0,3000.0,1620.0,15.0,
2024-03-18,30780.0,0.0,2940.0,22800.0,5040.0,720.0,14.0,
2024-03-19,25800.0,0.0,5280.0,15000.0,5520.0,120.0,14.0,
2024-03-20,24840.0,0.0,6540.0,15600.0,2700.0,780.0,15.0,
2024-03-21,26220.0,0.0,7020.0,14880.0,4320.0,720.0,15.0,
2024-03-22,21240.0,0.0,4200.0,16620.0,420.0,1440.0,16.0,
2024-03-23,28200.0,0.0,7800.0,16440.0,3960.0,1860.0,14.0,
2024-03-24,28260.0,0.0,10980.0,14340.0,2940.0,420.0,15.0,
2024-03-25,30000.0,0.0,2640.0,22200.0,5160.0,720.0,15.0,
2024-03-26,28680.0,0.0,9000.0,16500.0,3180.0,720.0,14.0,
2024-03-27,24180.0,0.0,4080.0,16260.0,3840.0,60.0,15.0,
2024-03-28,28006.0,0.0,3000.0,20280.0,4740.0,480.0,15.0,
2024-03-29,25260.0,0.0,3900.0,17700.0,3660.0,2460.0,14.0,
2024-03-30,27480.0,0.0,4620.0,16980.0,5880.0,900.0,15.0,
2024-03-31,27000.0,0.0,5460.0,17940.0,3600.0,1380.0,15.0,
2024-04-01,31980.0,0.0,2940.0,24240.0,4800.0,1800.0,15.0,
2024-04-02,24060.0,0.0,3480.0,15720.0,4860.0,360.0,15.0,
2024-04-03,26694.0,0.0,6120.0,13440.0,7140.0,120.0,15.0,
2024-04-04,24300.0,0.0,8760.0,11820.0,3720.0,300.0,14.0,
2024-04-05,28140.0,0.0,3660.0,19680.0,4800.0,840.0,15.0,
2024-04-06,9240.0,0.0,4680.0,4560.0,0.0,2760.0,19.0,
2024-04-07,31200.0,0.0,2460.0,20700.0,8040.0,480.0,15.0,
2024-04-08,28680.0,0.0,5160.0,18540.0,4980.0,0.0,15.0,
2024-04-09,29160.0,0.0,3180.0,19500.0,6480.0,720.0,14.0,
2024-04-10,26389.0,0.0,2400.0,22020.0,1980.0,780.0,14.0,
2024-04-11,27240.0,0.0,4620.0,15660.0,6960.0,600.0,14.0,
2024-04-12,27420.0,0.0,4860.0,15360.0,7200.0,0.0,15.0,
2024-04-13,31380.0,0.0,1560.0,24000.0,5820.0,420.0,14.0,
2024-04-14,25440.0,0.0,3780.0,14820.0,6840.0,360.0,15.0,
2024-04-15,30990.0,0.0,4020.0,20580.0,6420.0,0.0,15.0,
2024-04-16,27840.0,0.0,3600.0,18300.0,5940.0,420.0,14.0,
2024-04-17,24360.0,0.0,2220.0,17760.0,4380.0,240.0,13.0,
2024-04-18,28620.0,0.0,3360.0,19560.0,5700.0,1380.0,14.0,
2024-04-19,25680.0,0.0,1500.0,20640.0,3540.0,900.0,13.0,
2024-04-20,26880.0,0.0,1440.0,22560.0,2880.0,1380.0,14.0,
2024-04-21,29560.0,0.0,1620.0,22380.0,5580.0,1020.0,14.0,
2024-04-22,27600.0,0.0,6600.0,16440.0,4560.0,2220.0,14.0,
2024-04-23,28980.0,0.0,2580.0,22200.0,4200.0,1140.0,14.0,
2024-04-24,22560.0,0.0,2520.0,16440.0,3600.0,240.0,15.0,
2024-04-25,26160.0,0.0,3120.0,17340.0,5700.0,540.0,13.0,
2024-04-26,22020.0,0.0,6180.0,15840.0,0.0,2640.0,16.0,
2024-04-27,26280.0,0.0,4740.0,17040.0,4500.0,1500.0,12.0,
2024-04-28,26520.0,0.0,3540.0,17460.0,5520.0,60.0,13.0,
2024-04-29,29700.0,0.0,3600.0,21900.0,4200.0,1080.0,13.0,
2024-04-30,27840.0,0.0,3060.0,19680.0,5100.0,1740.0,13.0,
2024-05-01,26160.0,0.0,3660.0,18720.0,3780.0,1020.0,14.0,
2024-05-02,28080.0,0.0,4200.0,20100.0,3780.0,120.0,13.0,
2024-05-03,21840.0,0.0,3840.0,16200.0,1800.0,1500.0,14.0,
2024-05-04,28860.0,0.0,2640.0,19740.0,6480.0,180.0,14.0,
2024-05-05,24300.0,0.0,5040.0,14760.0,4500.0,180.0,15.0,
2024-05-06,25320.0,0.0,5940.0,15960.0,3420.0,900.0,14.0,
2024-05-07,30840.0,0.0,3660.0,22920.0,4260.0,60.0,14.0,
2024-05-08,34788.0,0.0,3600.0,24900.0,6300.0,5220.0,14.0,
2024-05-09,26340.0,0.0,3900.0,16680.0,5760.0,60.0,14.0,
2024-05-10,27420.0,0.0,5520.0,18060.0,3840.0,540.0,15.0,
2024-05-11,20760.0,0.0,3180.0,14160.0,3420.0,1500.0,14.0,
2024-05-12,24420.0,0.0,3180.0,21240.0,0.0,1620.0,16.0,
2024-05-13,25500.0,0.0,3360.0,15180.0,6960.0,0.0,14.0,
2024-05-14,26280.0,0.0,2280.0,17280.0,6720.0,480.0,15.0,
2024-05-15,26580.0,0.0,4140.0,16020.0,6420.0,960.0,14.0,
2024-05-16,26100.0,0.0,2820.0,21180.0,2100.0,600.0,15.0,
2024-05-17,29220.0,0.0,3180.0,22680.0,3360.0,600.0,14.0,
2024-05-18,21060.0,0.0,4320.0,16740.0,0.0,2160.0,15.0,
2024-05-19,30000.0,0.0,3420.0,21480.0,5100.0,660.0,14.0,
2024-05-20,25427.0,0.0,4020.0,17220.0,4200.0,360.0,14.0,
2024-05-21,25920.0,0.0,4980.0,18000.0,2940.0,360.0,13.0,
2024-05-22,25440.0,0.0,3720.0,19620.0,2100.0,480.0,14.0,
2024-05-23,26573.0,0.0,2280.0,19320.0,4980.0,1560.0,15.0,
2024-05-24,28920.0,0.0,1320.0,22620.0,4980.0,840.0,14.0,
2024-05-25,21720.0,0.0,6900.0,13560.0,1260.0,840.0,14.0,
2024-05-26,30780.0,0.0,3840.0,20940.0,6000.0,1620.0,14.0,
2024-05-27,24780.0,0.0,3540.0,17820.0,3420.0,780.0,14.0,
2024-05-28,25075.0,0.0,3660.0,17820.0,3600.0,120.0,13.0,
2024-05-29,27660.0,0.0,3900.0,18240.0,5520.0,180.0,14.0,
2024-05-30,26640.0,0.0,2520.0,19380.0,4740.0,1440.0,14.0,
2024-05-31,22980.0,0.0,3720.0,13920.0,5340.0,540.0,15.0,
2024-06-01,27300.0,0.0,2580.0,22380.0,2340.0,1800.0,13.0,
2024-06-02,19680.0,0.0,1680.0,15600.0,2400.0,720.0,14.0,
2024-06-03,21000.0,0.0,7140.0,10500.0,3360.0,120.0,14.0,
2024-06-04,26520.0,0.0,4020.0,16080.0,6420.0,60.0,15.0,
2024-06-05,24360.0,0.0,4620.0,16020.0,3720.0,540.0,15.0,
2024-06-06,20631.0,0.0,3780.0,11460.0,5400.0,2160.0,15.0,
2024-06-07,25740.0,0.0,3540.0,17160.0,5040.0,1080.0,15.0,
2024-06-08,19320.0,0.0,4500.0,11820.0,3000.0,120.0,15.0,
2024-06-09,24480.0,0.0,4020.0,16800.0,3660.0,2220.0,16.0,
2024-06-10,22076.0,0.0,1500.0,16440.0,4140.0,660.0,15.0,
2024-06-11,24840.0,0.0,2100.0,18840.0,3900.0,60.0,14.0,
2024-06-12,30900.0,0.0,6240.0,18420.0,6240.0,600.0,15.0,
2024-06-13,23335.0,0.0,4020.0,13860.0,5460.0,0.0,15.0,
2024-06-14,23820.0,0.0,6480.0,12480.0,4860.0,360.0,15.0,
2024-06-15,24360.0,0.0,5700.0,16560.0,2100.0,960.0,13.0,
2024-06-16,23252.0,0.0,1980.0,19020.0,2280.0,2940.0,16.0,
2024-06-17,25620.0,0.0,3900.0,17520.0,4200.0,1500.0,15.0,
2024-06-18,28005.0,0.0,4020.0,19020.0,4980.0,480.0,15.0,
2024-06-19,26580.0,0.0,3960.0,19140.0,3480.0,120.0,14.0,
2024-06-20,24300.0,0.0,2400.0,18300.0,3600.0,2340.0,14.0,
2024-06-21,26880.0,0.0,1440.0,21000.0,4440.0,120.0,14.0,
2024-06-22,22052.0,0.0,3420.0,14160.0,4500.0,1440.0,16.0,
2024-06-23,23640.0,0.0,2220.0,17340.0,4080.0,360.0,16.0,
2024-06-24,30300.0,0.0,2700.0,21360.0,6240.0,180.0,15.0,
2024-06-25,23580.0,0.0,1620.0,16620.0,5340.0,600.0,15.0,
2024-06-26,23700.0,0.0,3360.0,12180.0,8160.0,120.0,15.0,
2024-06-27,24420.0,0.0,3300.0,16380.0,4740.0,420.0,15.0,
2024-06-28,25080.0,0.0,3360.0,17760.0,3960.0,2220.0,15.0,
2024-06-29,20100.0,0.0,7560.0,11340.0,1200.0,3960.0,15.0,
2024-06-30,9960.0,5820.0,2940.0,6240.0,780.0,1560.0,17.0,
2024-07-01,28980.0,0.0,7140.0,17580.0,4260.0,960.0,15.0,
2024-07-02,26340.0,0.0,11700.0,13440.0,1200.0,360.0,16.0,
2024-07-03,29520.0,0.0,5820.0,18300.0,5400.0,1320.0,15.0,
2024-07-04,26520.0,0.0,3720.0,19500.0,3300.0,720.0,15.0,
2024-07-05,24600.0,0.0,3840.0,17100.0,3660.0,1380.0,16.0,
2024-07-06,29820.0,0.0,4680.0,19380.0,5760.0,480.0,15.0,
2024-07-07,21420.0,0.0,5280.0,12180.0,3960.0,1140.0,16.0,
2024-07-08,24267.0,0.0,9300.0,11640.0,3360.0,1260.0,15.0,
2024-07-09,30888.0,0.0,5160.0,21780.0,3960.0,1020.0,15.0,
2024-07-10,27000.0,0.0,3600.0,19680.0,3720.0,2820.0,16.0,
2024-07-11,20940.0,0.0,3420.0,15060.0,2460.0,60.0,15.0,
2024-07-12,25380.0,0.0,5700.0,15000.0,4680.0,840.0,16.0,
2024-07-13,23400.0,0.0,4020.0,15660.0,3720.0,420.0,15.0,
2024-07-14,28500.0,0.0,10740.0,14640.0,3120.0,1560.0,15.0,
2024-07-15,24300.0,0.0,5340.0,14700.0,4260.0,240.0,15.0,
2024-07-16,23580.0,0.0,6360.0,13980.0,3240.0,2880.0,15.0,
2024-07-17,24300.0,0.0,2760.0,19500.0,2040.0,3000.0,15.0,
2024-07-18,27499.0,0.0,9240.0,12120.0,6180.0,120.0,15.0,
2024-07-19,22860.0,0.0,5280.0,15900.0,1680.0,1260.0,15.0,
2024-07-20,23460.0,0.0,3060.0,17280.0,3120.0,3120.0,16.0,
2024-07-21,25740.0,0.0,5640.0,17760.0,2340.0,1620.0,15.0,
2024-07-22,26394.0,0.0,3420.0,18960.0,4020.0,960.0,16.0,
2024-07-23,23487.0,0.0,6480.0,16260.0,780.0,1020.0,15.0,
2024-07-24,24240.0,0.0,7320.0,12900.0,4020.0,720.0,15.0,
2024-07-25,18120.0,0.0,5340.0,9180.0,3600.0,0.0,15.0,
2024-07-26,23880.0,0.0,5820.0,14460.0,3600.0,780.0,15.0,
2024-07-27,15120.0,0.0,6360.0,8400.0,360.0,60.0,16.0,
2024-07-28,21480.0,0.0,1920.0,19560.0,0.0,4020.0,18.0,
2024-07-29,27900.0,0.0,2820.0,20340.0,4740.0,1020.0,15.0,
2024-07-30,26940.0,0.0,3360.0,19440.0,4140.0,360.0,14.0,
2024-07-31,23340.0,0.0,4620.0,14700.0,4020.0,1320.0,14.0,
2024-08-01,29100.0,0.0,4200.0,22740.0,2160.0,1500.0,15.0,
2024-08-02,21120.0,0.0,4860.0,14580.0,1680.0,780.0,16.0,
2024-08-03,25140.0,0.0,2520.0,20040.0,2580.0,660.0,14.0,
2024-08-04,25140.0,0.0,5340.0,14220.0,5580.0,240.0,14.0,
2024-08-05,23760.0,0.0,3360.0,16380.0,4020.0,360.0,14.0,
2024-08-06,25380.0,0.0,2820.0,21960.0,600.0,720.0,15.0,
2024-08-07,26400.0,0.0,4080.0,18300.0,4020.0,120.0,15.0,
2024-08-08,23880.0,0.0,4680.0,17460.0,1740.0,60.0,16.0,
2024-08-09,25440.0,0.0,5760.0,13740.0,5940.0,840.0,16.0,
2024-08-10,23700.0,0.0,6480.0,12600.0,4620.0,180.0,17.0,
2024-08-11,21720.0,0.0,7620.0,11400.0,2700.0,60.0,15.0,
2024-08-12,26400.0,0.0,9540.0,14460.0,2400.0,840.0,15.0,
2024-08-13,27060.0,0.0,4680.0,18000.0,4380.0,1320.0,16.0,
2024-08-14,24360.0,0.0,5880.0,16860.0,1620.0,480.0,15.0,
2024-08-15,24180.0,0.0,6840.0,16020.0,1320.0,3240.0,15.0,
2024-08-16,28920.0,0.0,1860.0,21060.0,6000.0,2760.0,15.0,
2024-08-17,24000.0,0.0,4500.0,15480.0,4020.0,4980.0,15.0,
2024-08-18,28320.0,0.0,6000.0,15900.0,6420.0,600.0,15.0,
2024-08-19,23160.0,0.0,8100.0,12240.0,2820.0,0.0,14.0,
2024-08-20,25500.0,0.0,5160.0,17520.0,2820.0,3180.0,17.0,
2024-08-21,25380.0,0.0,4800.0,16260.0,4320.0,780.0,15.0,
2024-08-22,28440.0,0.0,10200.0,17880.0,360.0,2160.0,15.0,
2024-08-23,22620.0,0.0,5520.0,13980.0,3120.0,120.0,15.0,
2024-08-24,27420.0,0.0,2580.0,21060.0,3780.0,3120.0,14.0,
2024-08-25,27480.0,0.0,5940.0,16740.0,4800.0,660.0,15.0,
2024-08-26,24810.0,0.0,5400.0,15780.0,3660.0,240.0,16.0,
2024-08-27,27900.0,0.0,6480.0,17820.0,3600.0,540.0,15.0,
2024-08-28,26496.0,0.0,8400.0,13980.0,4140.0,720.0,15.0,
2024-08-29,26460.0,0.0,5340.0,17880.0,3240.0,960.0,15.0,
2024-08-30,28320.0,0.0,4620.0,20280.0,3420.0,1920.0,17.0,
2024-08-31,23160.0,0.0,6900.0,12060.0,4200.0,120.0,15.0,
2024-09-01,26280.0,0.0,6780.0,14160.0,5340.0,2160.0,15.0,
2024-09-02,25420.0,0.0,10200.0,12840.0,2400.0,1080.0,16.0,
2024-09-03,27060.0,0.0,7200.0,16620.0,3240.0,120.0,15.0,
2024-09-04,27300.0,0.0,4140.0,17400.0,5760.0,660.0,15.0,
2024-09-05,26428.0,0.0,5280.0,17160.0,4020.0,0.0,15.0,
2024-09-06,25620.0,0.0,8160.0,13500.0,3960.0,1260.0,16.0,
2024-09-07,20160.0,0.0,3420.0,15780.0,960.0,1440.0,15.0,
2024-09-08,24420.0,0.0,4380.0,15300.0,4740.0,0.0,16.0,
2024-09-09,27535.0,0.0,10860.0,11400.0,5280.0,360.0,15.0,
2024-09-10,25260.0,0.0,5880.0,15960.0,3420.0,600.0,16.0,
2024-09-11,25740.0,0.0,8400.0,11760.0,5580.0,420.0,15.0,
2024-09-12,25920.0,0.0,8940.0,13020.0,3960.0,360.0,15.0,
2024-09-13,26400.0,0.0,6720.0,16020.0,3660.0,240.0,15.0,
2024-09-14,26400.0,0.0,5400.0,16680.0,4320.0,780.0,16.0,
2024-09-15,28380.0,0.0,7140.0,18600.0,2640.0,1980.0,15.0,
2024-09-16,26880.0,0.0,4500.0,18120.0,4260.0,1860.0,15.0,
2024-09-17,23640.0,0.0,3720.0,16140.0,3780.0,1500.0,15.0,
2024-09-18,25320.0,0.0,5040.0,17760.0,2520.0,1020.0,14.0,
2024-09-19,22500.0,0.0,6120.0,12060.0,4320.0,2280.0,14.0,
2024-09-20,27060.0,0.0,8340.0,15180.0,3540.0,1500.0,15.0,
2024-09-21,28080.0,0.0,4800.0,18540.0,4740.0,2220.0,15.0,
2024-09-22,24540.0,0.0,7260.0,14220.0,3060.0,720.0,14.0,
2024-09-23,27060.0,0.0,3180.0,21060.0,2820.0,1920.0,15.0,
2024-09-24,25500.0,0.0,5640.0,15540.0,4320.0,300.0,14.0,
2024-09-25,25380.0,0.0,6300.0,13680.0,5400.0,2580.0,15.0,
2024-09-26,23640.0,0.0,6840.0,12900.0,3900.0,1080.0,15.0,
2024-09-27,28500.0,0.0,4620.0,18660.0,5220.0,720.0,15.0,
2024-09-28,23880.0,0.0,4620.0,17100.0,2160.0,1140.0,15.0,
2024-09-29,29760.0,0.0,6240.0,16440.0,7080.0,660.0,15.0,
2024-09-30,24720.0,0.0,8160.0,12960.0,3600.0,1620.0,16.0,
2024-10-01,26700.0,0.0,7380.0,16680.0,2640.0,1380.0,15.0,
2024-10-02,24360.0,0.0,6240.0,13440.0,4680.0,360.0,14.0,
2024-10-03,24060.0,0.0,3480.0,16680.0,3900.0,720.0,14.0,
2024-10-04,26100.0,0.0,6720.0,13320.0,6060.0,60.0,16.0,
2024-10-05,25140.0,0.0,5220.0,15540.0,4380.0,780.0,15.0,
2024-10-06,21420.0,0.0,5820.0,9960.0,5640.0,720.0,16.0,
2024-10-07,21840.0,0.0,1500.0,17820.0,2520.0,3360.0,16.0,
2024-10-08,23640.0,0.0,3900.0,17280.0,2460.0,1800.0,15.0,
2024-10-09,27900.0,0.0,7740.0,13620.0,6540.0,840.0,15.0,
2024-10-10,25380.0,0.0,5820.0,13860.0,5700.0,1260.0,15.0,
2024-10-11,27780.0,0.0,5640.0,15360.0,6780.0,0.0,14.0,
2024-10-12,26340.0,0.0,5520.0,16380.0,4440.0,60.0,14.0,
2024-10-13,,,,,,,,
2024-10-14,28620.0,0.0,5940.0,15180.0,7500.0,240.0,15.0,
2024-10-15,25800.0,0.0,4560.0,17460.0,3780.0,2820.0,15.0,
2024-10-16,22500.0,0.0,4140.0,14880.0,3480.0,1020.0,15.0,
2024-10-17,27720.0,0.0,3480.0,18840.0,5400.0,1740.0,15.0,
2024-10-18,26100.0,0.0,5160.0,16560.0,4380.0,900.0,15.0,
2024-10-19,30060.0,0.0,10620.0,12780.0,6660.0,420.0,14.0,
2024-10-20,25740.0,0.0,6900.0,12960.0,5880.0,480.0,15.0,
2024-10-21,25440.0,0.0,5520.0,15300.0,4620.0,1020.0,15.0,
2024-10-22,24120.0,0.0,5640.0,14340.0,4140.0,0.0,15.0,
2024-10-23,25980.0,0.0,6300.0,14100.0,5580.0,1200.0,15.0,
2024-10-24,19080.0,0.0,6780.0,9300.0,3000.0,780.0,15.0,
2024-10-25,27180.0,0.0,4440.0,16200.0,6540.0,1380.0,15.0,
2024-10-26,25920.0,0.0,4500.0,15900.0,5520.0,540.0,15.0,
2024-10-27,27300.0,0.0,3960.0,16740.0,6600.0,600.0,15.0,
2024-10-28,27660.0,0.0,6660.0,18300.0,2700.0,480.0,15.0,
2024-10-29,24300.0,0.0,4320.0,15600.0,4380.0,2400.0,14.0,
2024-10-30,26700.0,0.0,5700.0,16440.0,4560.0,1800.0,15.0,
2024-10-31,18240.0,0.0,6060.0,9540.0,2640.0,4140.0,15.0,
2024-11-01,25200.0,0.0,7140.0,13920.0,4140.0,240.0,15.0,
2024-11-02,23880.0,0.0,6000.0,12660.0,5220.0,1920.0,16.0,
2024-11-03,27060.0,0.0,6660.0,15360.0,5040.0,480.0,15.0,
2024-11-04,24480.0,0.0,6840.0,14100.0,3540.0,180.0,14.0,
2024-11-05,26340.0,0.0,5220.0,17940.0,3180.0,960.0,15.0,
2024-11-06,24900.0,0.0,6720.0,14520.0,3660.0,120.0,15.0,
2024-11-07,24900.0,0.0,9420.0,12960.0,2520.0,300.0,16.0,
2024-11-08,26220.0,0.0,6180.0,17460.0,2580.0,600.0,16.0,
2024-11-09,23160.0,0.0,5760.0,14700.0,2700.0,840.0,15.0,
2024-11-10,27360.0,0.0,5700.0,17100.0,4560.0,300.0,15.0,
2024-11-11,25920.0,0.0,4560.0,13980.0,7380.0,120.0,15.0,
2024-11-12,22260.0,0.0,5580.0,13740.0,2940.0,1080.0,15.0,
2024-11-13,18180.0,0.0,3720.0,11520.0,2940.0,300.0,16.0,
2024-11-14,26280.0,0.0,7260.0,12480.0,6540.0,1080.0,15.0,
2024-11-15,28080.0,0.0,4560.0,18900.0,4620.0,1680.0,16.0,
2024-11-16,21600.0,0.0,4800.0,13080.0,3720.0,660.0,16.0,
2024-11-17,26640.0,0.0,6660.0,14520.0,5460.0,0.0,15.0,
2024-11-18,25620.0,0.0,6960.0,14280.0,4380.0,0.0,15.0,
2024-11-19,26220.0,0.0,6180.0,15720.0,4320.0,0.0,15.0,
2024-11-20,27240.0,0.0,6420.0,14940.0,5880.0,3120.0,15.0,
2024-11-21,20820.0,0.0,4800.0,12540.0,3480.0,1620.0,15.0,
2024-11-22,26460.0,0.0,9780.0,13500.0,3180.0,1320.0,15.0,
2024-11-23,25200.0,0.0,3420.0,15240.0,6540.0,1140.0,15.0,
2024-11-24,23100.0,0.0,3840.0,15600.0,3660.0,2580.0,15.0,
2024-11-25,22560.0,0.0,7500.0,11820.0,3240.0,120.0,15.0,
2024-11-26,25200.0,0.0,5100.0,13320.0,6780.0,780.0,15.0,
2024-11-27,27120.0,0.0,8220.0,13380.0,5520.0,0.0,16.0,
2024-11-28,21540.0,0.0,4080.0,13860.0,3600.0,1800.0,14.0,
2024-11-29,24780.0,0.0,5520.0,16200.0,3060.0,720.0,15.0,
2024-11-30,15360.0,0.0,5160.0,8880.0,1320.0,5400.0,16.0,
2024-12-01,,,,,,,,
2024-12-02,24720.0,0.0,7560.0,11640.0,5520.0,240.0,15.0,
2024-12-03,19080.0,0.0,6840.0,8940.0,3300.0,9180.0,16.0,
2024-12-04,26700.0,0.0,5340.0,18660.0,2700.0,2520.0,17.0,
2024-12-05,25680.0,0.0,3000.0,22020.0,660.0,1980.0,18.0,
2024-12-06,29100.0,0.0,2760.0,25740.0,600.0,1380.0,17.0,
2024-12-07,27780.0,0.0,3120.0,19560.0,5100.0,2340.0,16.0,
2024-12-08,33480.0,0.0,3000.0,24900.0,5580.0,480.0,18.0,
2024-12-09,33283.0,0.0,1980.0,24240.0,7080.0,1200.0,19.0,
2024-12-10,27360.0,0.0,4020.0,19920.0,3420.0,0.0,18.0,
2024-12-11,27000.0,0.0,2280.0,21660.0,3060.0,900.0,16.0,
2024-12-12,18120.0,0.0,3180.0,12240.0,2700.0,60.0,16.0,
2024-12-13,30167.0,0.0,4080.0,22740.0,3360.0,6540.0,17.0,
2024-12-14,22860.0,0.0,3420.0,15060.0,4380.0,840.0,20.0,
2024-12-15,22800.0,0.0,2820.0,17220.0,2760.0,5460.0,18.0,
2024-12-16,24360.0,0.0,4020.0,18300.0,2040.0,1080.0,16.0,
2024-12-17,25620.0,0.0,6180.0,16080.0,3360.0,2280.0,19.0,
2024-12-18,24780.0,0.0,3480.0,18240.0,3060.0,240.0,19.0,
2024-12-19,28980.0,0.0,4500.0,19680.0,4800.0,3120.0,19.0,
2024-12-20,26040.0,0.0,6240.0,14520.0,5280.0,120.0,19.0,
2024-12-21,26400.0,3660.0,3600.0,19740.0,3060.0,3000.0,17.0,
2024-12-22,30840.0,0.0,7260.0,18180.0,5400.0,1860.0,17.0,
2024-12-23,30480.0,0.0,7200.0,17700.0,5580.0,660.0,16.0,
2024-12-24,26280.0,0.0,5340.0,18600.0,2340.0,2940.0,17.0,
2024-12-25,29820.0,0.0,6480.0,18420.0,4920.0,2760.0,17.0,
2024-12-26,26220.0,0.0,4140.0,16620.0,5460.0,4380.0,16.0,
2024-12-27,,,,,,,,
2024-12-28,27180.0,0.0,3960.0,18180.0,5040.0,2280.0,17.0,
2024-12-29,32244.0,0.0,4740.0,21900.0,5640.0,2460.0,18.0,
2024-12-30,27000.0,0.0,11220.0,11220.0,4560.0,240.0,17.0,
2024-12-31,31140.0,0.0,5640.0,21300.0,4200.0,2820.0,16.0,
2025-01-01,22080.0,0.0,3360.0,16200.0,2520.0,3120.0,16.0,
2025-01-02,25560.0,0.0,4440.0,16680.0,4440.0,2880.0,15.0,
2025-01-03,24900.0,0.0,4020.0,13380.0,7500.0,960.0,17.0,
2025-01-04,28860.0,0.0,3120.0,21300.0,4440.0,2580.0,17.0,
2025-01-05,27000.0,0.0,8760.0,16500.0,1740.0,1380.0,15.0,
2025-01-06,25320.0,0.0,3900.0,17820.0,3600.0,2160.0,15.0,
2025-01-07,22260.0,0.0,5400.0,14340.0,2520.0,480.0,15.0,
2025-01-08,28500.0,0.0,4200.0,21660.0,2640.0,3600.0,15.0,
2025-01-09,22020.0,0.0,3420.0,15120.0,3480.0,1620.0,15.0,
2025-01-10,31680.0,0.0,6660.0,16140.0,8880.0,540.0,15.0,
2025-01-11,22080.0,0.0,7320.0,10920.0,3840.0,360.0,15.0,
2025-01-12,24960.0,0.0,5580.0,17760.0,1620.0,3900.0,14.0,
2025-01-13,25140.0,0.0,5460.0,16800.0,2880.0,3180.0,15.0,
2025-01-14,28320.0,0.0,6840.0,19560.0,1920.0,2160.0,15.0,
2025-01-15,25200.0,0.0,10380.0,14160.0,660.0,1920.0,15.0,
2025-01-16,26100.0,0.0,4080.0,17340.0,4680.0,2820.0,16.0,
2025-01-17,29160.0,0.0,3360.0,22740.0,3060.0,3600.0,15.0,
2025-01-18,27360.0,0.0,4200.0,16800.0,6360.0,1380.0,15.0,
2025-01-19,25740.0,0.0,4560.0,17220.0,3960.0,1560.0,15.0,
2025-01-20,30709.0,0.0,6120.0,19860.0,4740.0,660.0,15.0,
2025-01-21,19740.0,0.0,5040.0,11760.0,2940.0,120.0,15.0,
2025-01-22,25500.0,0.0,6300.0,13680.0,5520.0,300.0,15.0,
2025-01-23,20317.0,0.0,1620.0,15300.0,3420.0,660.0,15.0,
2025-01-24,26820.0,0.0,4860.0,16080.0,5880.0,360.0,14.0,
2025-01-25,29760.0,0.0,3660.0,21600.0,4500.0,4920.0,15.0,
2025-01-26,28311.0,0.0,5280.0,22080.0,960.0,2280.0,15.0,
2025-01-27,19260.0,0.0,2400.0,15060.0,1800.0,780.0,14.0,
2025-01-28,29700.0,0.0,5580.0,19260.0,4860.0,1320.0,15.0,
2025-01-29,29220.0,0.0,7260.0,17340.0,4620.0,660.0,14.0,
2025-01-30,27300.0,0.0,5700.0,16980.0,4620.0,1320.0,14.0,
2025-01-31,23640.0,0.0,8640.0,11400.0,3600.0,1680.0,15.0,
2025-02-01,28680.0,0.0,4680.0,19140.0,4860.0,660.0,15.0,
2025-02-02,30600.0,0.0,6300.0,19800.0,4500.0,1740.0,15.0,
2025-02-03,27240.0,0.0,2520.0,17820.0,6900.0,480.0,14.0,
2025-02-04,28440.0,0.0,6960.0,15660.0,5820.0,420.0,15.0,
2025-02-05,26520.0,0.0,5160.0,15960.0,5400.0,960.0,15.0,
2025-02-06,25260.0,0.0,2760.0,17880.0,4620.0,840.0,14.0,
2025-02-07,29640.0,0.0,5160.0,16080.0,8400.0,60.0,14.0,
2025-02-08,21720.0,0.0,3720.0,14520.0,3480.0,1380.0,16.0,
2025-02-09,28140.0,0.0,6300.0,17820.0,4020.0,780.0,16.0,
2025-02-10,25320.0,0.0,6060.0,13080.0,6180.0,420.0,14.0,
2025-02-11,25800.0,0.0,7740.0,12060.0,6000.0,1200.0,15.0,
2025-02-12,18000.0,0.0,5940.0,8460.0,3600.0,60.0,16.0,
2025-02-13,29280.0,0.0,4440.0,21180.0,3660.0,540.0,14.0,
2025-02-14,26040.0,0.0,4980.0,19320.0,1740.0,3600.0,14.0,
2025-02-15,26280.0,0.0,4860.0,15480.0,5940.0,1320.0,14.0,
2025-02-16,28560.0,0.0,5580.0,17220.0,5760.0,540.0,14.0,
2025-02-17,30240.0,0.0,8460.0,16620.0,5160.0,1080.0,15.0,
2025-02-18,26160.0,0.0,5340.0,17400.0,3420.0,420.0,14.0,
2025-02-19,21600.0,0.0,5940.0,10080.0,5580.0,960.0,14.0,
2025-02-20,27240.0,0.0,6900.0,14520.0,5820.0,3120.0,14.0,
2025-02-21,21660.0,0.0,5160.0,10500.0,6000.0,300.0,14.0,
2025-02-22,27960.0,0.0,5640.0,18660.0,3660.0,1320.0,14.0,
2025-02-23,24960.0,0.0,7080.0,13860.0,4020.0,1260.0,15.0,
2025-02-24,22500.0,0.0,3840.0,14340.0,4320.0,960.0,15.0,
2025-02-25,25320.0,0.0,6000.0,15780.0,3540.0,1800.0,14.0,
2025-02-26,26160.0,0.0,4500.0,18600.0,3060.0,2700.0,14.0,
2025-02-27,25560.0,0.0,2400.0,18240.0,4920.0,2040.0,14.0,
2025-02-28,26220.0,0.0,4260.0,18300.0,3660.0,3360.0,15.0,
2025-03-01,23160.0,0.0,5820.0,15300.0,2040.0,420.0,14.0,
2025-03-02,23520.0,0.0,5580.0,14820.0,3120.0,1380.0,14.0,
2025-03-03,19980.0,0.0,3960.0,11280.0,4740.0,1080.0,14.0,
2025-03-04,25860.0,0.0,6900.0,17580.0,1380.0,1440.0,14.0,
2025-03-05,24720.0,0.0,4800.0,14820.0,5100.0,1140.0,14.0,
2025-03-06,19320.0,0.0,6780.0,8760.0,3780.0,420.0,16.0,
2025-03-07,23580.0,0.0,4860.0,15960.0,2760.0,120.0,14.0,
2025-03-08,16620.0,0.0,7320.0,6540.0,2760.0,720.0,14.0,
2025-03-09,,,,,,,,
2025-03-10,21240.0,0.0,3120.0,17100.0,1020.0,7020.0,14.0,
2025-03-11,26460.0,0.0,7200.0,14700.0,4560.0,660.0,14.0,
2025-03-12,26880.0,0.0,3120.0,20100.0,3660.0,480.0,14.0,
2025-03-13,28380.0,0.0,5280.0,19020.0,4080.0,60.0,14.0,
2025-03-14,27960.0,0.0,2100.0,21300.0,4560.0,540.0,14.0,
2025-03-15,28920.0,0.0,4200.0,19500.0,5220.0,3180.0,13.0,
2025-03-16,23700.0,0.0,4080.0,15900.0,3720.0,1260.0,15.0,
2025-03-17,22200.0,0.0,3960.0,15900.0,2340.0,1200.0,14.0,
2025-03-18,26760.0,0.0,4440.0,18300.0,4020.0,1800.0,15.0,
2025-03-19,26100.0,0.0,2820.0,19320.0,3960.0,1740.0,14.0,
2025-03-20,22200.0,0.0,6000.0,14820.0,1380.0,60.0,16.0,
2025-03-21,30960.0,0.0,3900.0,18600.0,8460.0,180.0,14.0,
2025-03-22,24780.0,0.0,4500.0,18660.0,1620.0,3960.0,14.0,
2025-03-23,27480.0,0.0,3360.0,20820.0,3300.0,2220.0,14.0,
2025-03-24,24695.0,0.0,5220.0,15600.0,3900.0,840.0,15.0,
2025-03-25,28601.0,0.0,1620.0,22200.0,4800.0,300.0,14.0,
2025-03-26,22320.0,0.0,3660.0,14820.0,3840.0,540.0,15.0,
2025-03-27,23700.0,0.0,6540.0,13020.0,4140.0,600.0,15.0,
2025-03-28,20880.0,0.0,7980.0,11280.0,1620.0,0.0,15.0,
2025-03-29,23460.0,2880.0,3960.0,13980.0,5520.0,180.0,16.0,
2025-03-30,26880.0,0.0,2460.0,18780.0,5640.0,1140.0,14.0,
2025-03-31,29160.0,0.0,3840.0,18480.0,6840.0,480.0,14.0,
2025-04-01,21720.0,0.0,1500.0,13560.0,6660.0,180.0,14.0,
2025-04-02,22800.0,0.0,4560.0,15300.0,2940.0,840.0,13.0,
2025-04-03,29280.0,0.0,2700.0,20640.0,5940.0,600.0,14.0,
2025-04-04,28500.0,0.0,3300.0,21540.0,3660.0,2160.0,14.0,
2025-04-05,22020.0,0.0,5700.0,15720.0,600.0,480.0,17.0,
2025-04-06,31680.0,0.0,3840.0,19980.0,7860.0,1020.0,13.0,
2025-04-07,24600.0,0.0,2940.0,16140.0,5520.0,360.0,12.0,
2025-04-08,27720.0,0.0,4080.0,16800.0,6840.0,300.0,13.0,
2025-04-09,29280.0,0.0,2820.0,20220.0,6240.0,420.0,13.0,
2025-04-10,26940.0,0.0,4020.0,17280.0,5640.0,420.0,12.0,
2025-04-11,25020.0,0.0,3060.0,18840.0,3120.0,1440.0,15.0,
2025-04-12,25860.0,0.0,3780.0,16320.0,5760.0,600.0,15.0,
2025-04-13,26400.0,0.0,3060.0,16980.0,6360.0,600.0,12.0,
2025-04-14,23680.0,0.0,6300.0,13380.0,4020.0,480.0,13.0,
2025-04-15,23760.0,0.0,6420.0,14820.0,2520.0,1440.0,13.0,
2025-04-16,21360.0,0.0,4500.0,15060.0,1800.0,1260.0,15.0,
2025-04-17,24840.0,0.0,4380.0,16440.0,4020.0,60.0,14.0,
2025-04-18,24360.0,0.0,2100.0,17760.0,4500.0,900.0,14.0,
2025-04-19,29820.0,0.0,7680.0,17580.0,4560.0,180.0,15.0,
2025-04-20,24960.0,0.0,7620.0,12300.0,5040.0,1260.0,14.0,
2025-04-21,27840.0,0.0,3900.0,19140.0,4800.0,1200.0,14.0,
2025-04-22,30000.0,0.0,6360.0,17700.0,5940.0,120.0,14.0,
2025-04-23,24840.0,0.0,5040.0,13260.0,6540.0,240.0,13.0,
2025-04-24,23820.0,0.0,9300.0,12060.0,2460.0,360.0,15.0,
2025-04-25,24420.0,0.0,3780.0,15900.0,4740.0,240.0,14.0,
2025-04-26,24060.0,0.0,3480.0,14940.0,5640.0,0.0,15.0,
2025-04-27,23340.0,0.0,4020.0,17040.0,2280.0,60.0,15.0,
2025-04-28,26820.0,0.0,2940.0,20280.0,3600.0,360.0,16.0,
2025-04-29,24000.0,0.0,720.0,18360.0,4920.0,1320.0,14.0,
2025-04-30,30780.0,0.0,5460.0,17940.0,7380.0,840.0,13.0,
2025-05-01,27060.0,0.0,6180.0,15420.0,5460.0,1080.0,13.0,
2025-05-02,25920.0,0.0,4200.0,18060.0,3660.0,540.0,14.0,
2025-05-03,29760.0,0.0,2640.0,21720.0,5400.0,3240.0,14.0,
2025-05-04,27720.0,0.0,3480.0,20580.0,3660.0,900.0,13.0,
2025-05-05,18300.0,0.0,1860.0,13620.0,2820.0,0.0,14.0,
2025-05-06,28140.0,0.0,5280.0,18300.0,4560.0,420.0,15.0,
2025-05-07,23580.0,0.0,6180.0,14640.0,2760.0,300.0,14.0,
2025-05-08,28380.0,0.0,7020.0,15900.0,5460.0,2100.0,13.0,
2025-05-09,26520.0,0.0,3960.0,15120.0,7440.0,660.0,13.0,
2025-05-10,28320.0,0.0,3120.0,20520.0,4680.0,720.0,13.0,
2025-05-11,32280.0,0.0,5340.0,19680.0,7260.0,1080.0,13.0,
2025-05-12,26700.0,0.0,3420.0,18240.0,5040.0,420.0,14.0,
2025-05-13,27540.0,0.0,4260.0,18960.0,4320.0,2940.0,15.0,
2025-05-14,23451.0,0.0,1620.0,18780.0,3060.0,240.0,14.0,
2025-05-15,28680.0,0.0,5820.0,18660.0,4200.0,720.0,16.0,
2025-05-16,25500.0,0.0,3540.0,15060.0,6900.0,60.0,14.0,
2025-05-17,27840.0,0.0,2820.0,21660.0,3360.0,1020.0,14.0,
2025-05-18,23580.0,0.0,5220.0,13560.0,4800.0,540.0,15.0,
2025-05-19,27300.0,0.0,3660.0,18900.0,4740.0,600.0,15.0,
2025-05-20,25020.0,0.0,6000.0,14520.0,4500.0,120.0,14.0,
2025-05-21,24360.0,0.0,4920.0,13920.0,5520.0,240.0,14.0,
2025-05-22,23880.0,0.0,4320.0,16200.0,3360.0,1560.0,15.0,
2025-05-23,25740.0,0.0,7260.0,14640.0,3840.0,2340.0,14.0,
2025-05-24,13860.0,0.0,3000.0,10380.0,480.0,60.0,15.0,
2025-05-25,31560.0,0.0,7140.0,16980.0,7440.0,1860.0,13.0,
2025-05-26,26160.0,0.0,7800.0,12840.0,5520.0,660.0,14.0,
2025-05-27,20460.0,0.0,5460.0,10020.0,4980.0,420.0,15.0,
2025-05-28,29340.0,0.0,5400.0,19500.0,4440.0,240.0,14.0,
2025-05-29,26280.0,0.0,3900.0,16260.0,6120.0,540.0,14.0,
2025-05-30,27600.0,0.0,3900.0,18480.0,5220.0,1260.0,14.0,
2025-05-31,19500.0,0.0,4140.0,12240.0,3120.0,420.0,15.0,
2025-06-01,19500.0,0.0,3240.0,16260.0,0.0,4140.0,17.0,
2025-06-02,25320.0,0.0,3120.0,19020.0,3180.0,900.0,12.0,
2025-06-03,26580.0,0.0,7980.0,15900.0,2700.0,900.0,14.0,
2025-06-04,25974.0,0.0,5340.0,13260.0,7380.0,720.0,13.0,
2025-06-05,23820.0,0.0,8340.0,11040.0,4440.0,420.0,13.0,
2025-06-06,28516.0,0.0,5820.0,15960.0,6780.0,720.0,13.0,
2025-06-07,23545.0,0.0,1740.0,19680.0,2160.0,720.0,13.0,
2025-06-08,27000.0,0.0,6240.0,16920.0,3840.0,480.0,13.0,
2025-06-09,29456.0,0.0,5820.0,17400.0,6240.0,1680.0,13.0,
2025-06-10,24900.0,0.0,5640.0,12960.0,6300.0,360.0,14.0,
2025-06-11,26880.0,0.0,6840.0,15660.0,4380.0,660.0,14.0,
2025-06-12,29160.0,0.0,6780.0,15660.0,6720.0,780.0,13.0,
2025-06-13,24360.0,0.0,3660.0,18480.0,2220.0,2760.0,13.0,
2025-06-14,26520.0,0.0,9000.0,14400.0,3120.0,780.0,13.0,
2025-06-15,20580.0,0.0,5820.0,12000.0,2760.0,660.0,13.0,
2025-06-16,27300.0,0.0,4740.0,16140.0,6420.0,1800.0,13.0,
2025-06-17,25860.0,0.0,6660.0,16980.0,2220.0,2040.0,13.0,
2025-06-18,20340.0,0.0,4500.0,14220.0,1620.0,3300.0,14.0,
2025-06-19,26640.0,0.0,4020.0,17460.0,5160.0,1140.0,14.0,
2025-06-20,23400.0,0.0,1980.0,18120.0,3300.0,900.0,14.0,
2025-06-21,30960.0,0.0,4200.0,19020.0,7740.0,2400.0,13.0,
2025-06-22,26460.0,0.0,4860.0,17460.0,4140.0,2340.0,14.0,
2025-06-23,26040.0,0.0,4200.0,19260.0,2580.0,600.0,13.0,
2025-06-24,25200.0,0.0,7020.0,13620.0,4560.0,1920.0,13.0,
2025-06-25,27660.0,0.0,6120.0,17880.0,3660.0,60.0,14.0,
2025-06-26,24780.0,0.0,4620.0,16560.0,3600.0,900.0,14.0,
2025-06-27,27540.0,0.0,5280.0,15840.0,6420.0,840.0,13.0,
2025-06-28,18180.0,0.0,5640.0,9240.0,3300.0,0.0,,
2025-06-29,22200.0,0.0,3300.0,18120.0,780.0,2040.0,15.0,
2025-06-30,23820.0,0.0,3780.0,12180.0,7860.0,660.0,12.0,
2025-07-01,27600.0,0.0,9540.0,15120.0,2940.0,600.0,13.0,
2025-07-02,25800.0,0.0,6540.0,16200.0,3060.0,2340.0,13.0,
2025-07-03,21780.0,0.0,8400.0,8880.0,4500.0,180.0,14.0,
2025-07-04,25260.0,0.0,4680.0,15540.0,5040.0,1500.0,13.0,
2025-07-05,24960.0,0.0,4320.0,17940.0,2700.0,1860.0,14.0,
2025-07-06,20640.0,0.0,2820.0,16740.0,1080.0,660.0,15.0,
2025-07-07,23160.0,0.0,4680.0,17160.0,1320.0,2760.0,14.0,
2025-07-08,30701.0,0.0,6720.0,15060.0,8940.0,840.0,13.0,
2025-07-09,24300.0,0.0,5820.0,15000.0,3480.0,1320.0,13.0,
2025-07-10,30354.0,0.0,8280.0,20040.0,2040.0,3000.0,14.0,
2025-07-11,24960.0,0.0,7680.0,14040.0,3240.0,660.0,13.0,
2025-07-12,25380.0,0.0,4740.0,18780.0,1860.0,720.0,14.0,
2025-07-13,28080.0,0.0,3660.0,21180.0,3240.0,1620.0,13.0,
2025-07-14,25740.0,0.0,3000.0,17940.0,4800.0,720.0,14.0,
2025-07-15,21960.0,0.0,4440.0,16080.0,1440.0,660.0,16.0,
2025-07-16,22915.0,0.0,6120.0,16800.0,0.0,2940.0,14.0,
2025-07-17,30060.0,0.0,3960.0,21480.0,4620.0,2880.0,15.0,
2025-07-18,30060.0,0.0,6360.0,20280.0,3420.0,420.0,15.0,
2025-07-19,29340.0,0.0,3720.0,20760.0,4860.0,1260.0,14.0,
2025-07-20,26700.0,0.0,2100.0,21240.0,3360.0,1080.0,15.0,
2025-07-21,26520.0,0.0,8280.0,14220.0,4020.0,600.0,15.0,
2025-07-22,19020.0,0.0,5520.0,11100.0,2400.0,2340.0,14.0,
2025-07-23,22369.0,0.0,6240.0,13200.0,2940.0,2400.0,14.0,
2025-07-24,27409.0,0.0,5880.0,18180.0,3360.0,780.0,13.0,
2025-07-25,29700.0,0.0,1860.0,21660.0,6180.0,2700.0,13.0,
2025-07-26,31920.0,0.0,2880.0,26520.0,2520.0,1740.0,14.0,
2025-07-27,20520.0,0.0,3120.0,15240.0,2160.0,180.0,13.0,
2025-07-28,29940.0,0.0,5580.0,21000.0,3360.0,420.0,14.0,
2025-07-29,30300.0,0.0,6120.0,18960.0,5220.0,1080.0,13.0,
2025-07-30,26880.0,0.0,4260.0,16560.0,6060.0,300.0,13.0,
2025-07-31,22560.0,0.0,2760.0,15660.0,4140.0,1200.0,13.0,
2025-08-01,28380.0,0.0,2880.0,20340.0,5160.0,3180.0,13.0,
2025-08-02,27420.0,0.0,3480.0,17760.0,6180.0,300.0,13.0,
2025-08-03,32700.0,0.0,6840.0,18300.0,7560.0,300.0,12.0,
2025-08-04,25620.0,0.0,5040.0,18420.0,2160.0,4620.0,14.0,
2025-08-05,24000.0,0.0,9060.0,11640.0,3300.0,1920.0,14.0,
2025-08-06,25800.0,0.0,9000.0,13500.0,3300.0,660.0,14.0,
2025-08-07,26760.0,0.0,6840.0,17100.0,2820.0,2100.0,13.0,
2025-08-08,23820.0,0.0,6240.0,14280.0,3300.0,780.0,14.0,
2025-08-09,30000.0,0.0,3540.0,21480.0,4980.0,240.0,13.0,
2025-08-10,27120.0,0.0,3840.0,17100.0,6180.0,600.0,14.0,
2025-08-11,24300.0,0.0,5580.0,15900.0,2820.0,1800.0,14.0,
2025-08-12,27660.0,0.0,5040.0,18840.0,3780.0,300.0,14.0,
2025-08-13,26460.0,0.0,9300.0,15780.0,1380.0,1980.0,14.0,
2025-08-14,24780.0,0.0,5340.0,16560.0,2880.0,600.0,14.0,
2025-08-15,22560.0,0.0,3120.0,16680.0,2760.0,3780.0,15.0,
2025-08-16,27060.0,0.0,6360.0,16740.0,3960.0,1080.0,13.0,
2025-08-17,26880.0,0.0,5160.0,14880.0,6840.0,1140.0,14.0,
2025-08-18,24960.0,0.0,6660.0,14940.0,3360.0,1320.0,14.0,
2025-08-19,24660.0,0.0,7320.0,14340.0,3000.0,1920.0,14.0,
2025-08-20,25156.0,0.0,4080.0,17040.0,4080.0,1260.0,13.0,
2025-08-21,25140.0,0.0,1500.0,21420.0,2220.0,1260.0,14.0,
2025-08-22,25980.0,0.0,6060.0,16620.0,3300.0,1020.0,14.0,
2025-08-23,26580.0,0.0,6060.0,16740.0,3780.0,1380.0,14.0,
2025-08-24,21000.0,0.0,4080.0,12720.0,4200.0,420.0,13.0,
2025-08-25,15840.0,0.0,5640.0,8580.0,1620.0,1620.0,,
2025-08-26,28920.0,0.0,6840.0,15540.0,6540.0,1620.0,14.0,
2025-08-27,25020.0,0.0,4800.0,15720.0,4500.0,420.0,14.0,
2025-08-28,31200.0,0.0,3780.0,22620.0,4800.0,840.0,13.0,
2025-08-29,29100.0,0.0,9360.0,12540.0,7200.0,420.0,14.0,
2025-08-30,26820.0,0.0,6360.0,13920.0,6540.0,1020.0,13.0,
2025-08-31,21360.0,0.0,5820.0,12480.0,3060.0,300.0,14.0,
2025-09-01,,,,,,,,
2025-09-02,30420.0,0.0,6360.0,17940.0,6120.0,1500.0,14.0,
2025-09-03,30480.0,0.0,5100.0,19800.0,5580.0,2400.0,13.0,
2025-09-04,24840.0,0.0,7260.0,14400.0,3180.0,1440.0,13.0,
2025-09-05,25860.0,0.0,6060.0,14760.0,5040.0,480.0,14.0,
2025-09-06,27300.0,0.0,3480.0,19260.0,4560.0,1080.0,13.0,
2025-09-07,24780.0,0.0,3600.0,17640.0,3540.0,660.0,13.0,
2025-09-08,25740.0,0.0,3900.0,17880.0,3960.0,960.0,13.0,
2025-09-09,22200.0,0.0,8400.0,10260.0,3540.0,1680.0,14.0,
2025-09-10,21600.0,0.0,5520.0,12600.0,3480.0,900.0,14.0,
2025-09-11,29460.0,0.0,2700.0,20880.0,5880.0,900.0,14.0,
2025-09-12,17512.0,0.0,4500.0,8940.0,4080.0,540.0,14.0,
2025-09-13,28260.0,0.0,7620.0,15420.0,5220.0,1140.0,13.0,
2025-09-14,22500.0,0.0,3180.0,18720.0,600.0,720.0,15.0,
2025-09-15,23820.0,0.0,6480.0,12900.0,4440.0,480.0,13.0,
2025-09-16,21720.0,0.0,6420.0,12060.0,3240.0,360.0,15.0,
2025-09-17,27780.0,0.0,6720.0,17640.0,3420.0,3960.0,15.0,
